feature_1,feature_2,feature_3,feature_4,feature_5,label
-8.280076102648346,-15.233481437734941,9.89999452362104,-2.1491088153089484,15.08193522282319,1.0
-11.026109819828523,8.736547633715228,6.560206080924638,1.8096959434702664,-17.216837691350655,0.0
2.6531286797029843,1.417436298428255,2.2187084718968446,8.307725429873845,-10.417974519245174,0.0
-2.58785400999262,-10.01143060642308,7.514712890298845,-5.220656838303545,2.6630683158869735,1.0
1.0456022179647073,11.235602685628521,2.835048007132702,7.769818700761972,-12.284943829150757,0.0
-8.805218651840265,-6.9233828329313685,8.02980861593602,-8.630532164171827,8.002487639079595,1.0
-7.415025278751158,6.692264816651383,6.950183302487584,5.890122230353709,-8.137321621373749,0.0
-6.10141872931493,7.9470503696390855,6.194416664218124,9.349950768688492,-2.5913290751411733,0.0
-6.163847822762346,8.848651263829336,13.61266815381704,-0.6148868112401251,-5.760687432956778,0.0
8.31581410145267,5.796694976297607,9.279079476634287,2.2582353084261544,-5.536665796834986,0.0
-7.306393806670149,7.1532522478430565,10.083621934749031,11.396101213613777,0.836590450209675,0.0
3.492871916669377,5.7298147333413425,-0.5946760771815969,4.656433446577163,-0.9511064178362858,0.0
-5.321845313252055,-16.43288188208635,-5.830127768646614,3.9641788810150174,3.6873303995165476,1.0
-4.118609904878331,-5.710173088406006,3.8396638233508287,4.93243307028781,5.463662872588689,1.0
-10.577004612436454,16.370137765666364,3.5932604504687706,-1.372194009358851,-1.6801037541708883,0.0
0.47780272619653985,12.520149839752813,3.1520613194281415,8.85170375049883,-7.629905126313904,0.0
-9.152848186993168,-9.931594143811191,6.866525127953131,1.6179077455368691,4.4227440084083245,1.0
-7.629813188671493,-16.00408682925957,4.700210880164688,4.4905744730799295,10.64176686482789,1.0
1.617070321767601,-10.847302891344178,10.73033454837523,-3.7461611718351167,7.935118046259955,1.0
-3.3245324427715697,5.289772904166076,1.2639874613561934,1.2505763303631428,-10.841726796151077,0.0
-2.737127704830239,10.23098337481178,3.4336985469464523,3.733446666512216,-13.137324312103491,0.0
-2.569642362283023,2.752318906132726,6.45803824935294,6.407606634427234,-8.983436159556536,0.0
1.9258310310609215,-8.839896119694885,1.414152288394697,4.26966979902571,14.591686803606478,1.0
-5.157998641887945,11.580623293765102,5.125266582968303,6.816394636605178,-10.389892660538031,0.0
2.7598126371217644,2.125939288412866,-0.0492463633475122,4.548346019984031,-4.310697436590226,0.0
-12.994584691053767,-8.482059007081547,0.8559847894782244,-1.4561741511211443,-0.4291833611619653,1.0
-2.0671631915935134,16.401936533474633,-1.0685667344394236,1.0048723875421415,-10.463738794165295,0.0
-5.759210527170049,9.85755948803196,6.849582084075147,-3.4788257032734986,0.17503470758008,0.0
5.552193666890477,15.588858396118559,12.839701483085067,5.683807139300193,-6.502458996643306,0.0
-17.19712535567322,-10.425080217848684,12.029432247598551,2.981788914229356,13.903164779869975,1.0
-1.2214456694389284,8.642056549367485,-4.953977240267106,1.8406003066946477,-6.578476141446138,0.0
-3.002138284474059,9.108534242922559,8.180950952510887,3.1392503402582403,-2.113944021585045,0.0
-10.287010768623816,-3.99919763650999,12.292433988150897,8.891872160921423,-0.10048227444960922,1.0
-10.377585694114163,-14.02365812448599,10.650367590662853,-1.9583837810683011,-0.5888659314097273,1.0
-12.075598846341741,0.38969696563315814,1.8284411900232378,-3.0909859177313868,-5.3083905281749,0.0
2.92028020610514,11.387777292598086,4.5147440425023815,6.062001179942167,0.07141055393529694,0.0
-4.733405479267275,-6.940129514706183,4.5429291816948005,1.3719987670960756,12.506799185052564,1.0
3.9395661473609778,12.380192884548114,3.947598916309232,-4.148321497506097,-7.924743477581396,0.0
-4.693018809243838,0.9814006245049249,13.387798357255205,8.880440077393164,-13.340940666679362,0.0
-1.4798292975793954,-4.124385185935632,9.760049100723677,7.381949560923162,-0.2349623561390315,1.0
-11.62184961439695,-6.522296296140395,0.48783388319747445,6.263171298197516,-2.001165017921636,1.0
-8.69750973468924,13.360066450144688,9.076333022561812,-1.843260836952176,-6.68993801391326,0.0
-12.183134925258951,-12.423408502275691,0.9006015869988566,6.911377983295178,-6.366783153280714,1.0
3.8830616899837436,9.969781468297839,4.872061577008846,-4.826111020958864,-3.1483593610151663,0.0
3.1179762990210973,3.067226663861682,12.853243602507918,-2.5299339892986117,-3.687667563109355,0.0
-9.178393454640931,-14.237539995543445,4.255584888684731,3.003504938197778,6.8903851235826865,1.0
-17.131896879696946,-5.142425283128171,9.858624276175487,1.7353234094939956,-2.8157909678544506,1.0
-8.338902754568633,-9.137458474285529,9.791323937170162,3.476785522814205,-5.816207346337784,1.0
-1.4728609760580305,9.361007813379574,1.0311910695418347,2.857274044637722,-9.613027614087597,0.0
-4.039593567632716,-14.086605251185716,14.136337179060963,10.225373052305613,19.92173522848133,1.0
-17.543087724050128,-3.775140708415652,6.532753693637102,18.237765082837843,15.701032809001461,1.0
0.9684911647761374,13.259796681914041,3.17004409790719,1.615173424650398,-14.468995924555317,0.0
1.5583884637955983,2.8599645460285457,5.777178509248748,8.508883455352873,-14.917043363957408,0.0
-7.8818724822467665,-7.67911729596177,13.053673636209028,-1.8645571893653572,11.955397478405379,1.0
-3.742078105466791,-10.235865073118678,6.531995525450384,1.1030307690681274,-0.06691396654965587,1.0
-9.154083180164411,-14.037360411770432,4.28529118863134,1.3357454059197775,8.950409628285437,1.0
-12.646862146255744,-3.151755044812364,9.016287296928274,-2.6673276478178183,5.244576432944004,1.0
-4.32725868412203,8.729558009592985,6.178887680688398,-6.577672279342396,-13.620554301679835,0.0
-0.44454035167462846,6.195663364178448,0.5287768583959442,3.1916057414002936,-5.654794335607656,0.0
-11.402798867574145,16.494507685644237,7.9117071179983895,1.6952463293884565,-5.479784059552169,0.0
-1.5932680663848213,-4.477342756271121,5.74808925952816,-0.8364299749161312,5.824489107541897,1.0
2.1691943426845555,15.372061603169115,8.248239156444278,-3.672089172145414,-9.502228522550139,0.0
-1.38693853025289,14.249777641259094,13.059517293517445,-0.3212516304039683,-1.4862230239947918,0.0
1.0323216129525687,10.771527165906235,9.990630027810239,1.8405633876954317,-11.289000447289858,0.0
-5.7166055991675115,11.173898851568024,8.641926462366513,5.744626333008603,-0.9350603337780559,0.0
-2.378116651300629,-6.58220116004347,13.240991249948342,-3.867904102017728,12.497572113676593,1.0
-1.5187738192134754,8.29248406857861,1.7715688018269198,-0.7611250222612287,-7.043393542231262,0.0
-4.901010687796331,-5.374048977546952,10.996710642795353,-2.906718808474958,2.740676066276923,1.0
-4.025096537224128,13.013995637908572,-3.441674205954838,-3.2952424117910386,-12.218641799047235,0.0
-12.35646218748997,-24.721846822616016,8.718942207224629,3.480118618274039,-4.29190658211135,1.0
12.88520641922344,14.612160685371204,4.000290878824269,-2.8045325190613966,-14.911858792439132,0.0
-2.860026180345985,0.709481460618365,6.7879699318910305,3.011608119756288,-5.5217330051744025,0.0
-1.636573961193129,-0.5612921911945339,4.905715496266017,-1.038534350909928,6.61748988298089,1.0
-8.637180771844609,-1.0212609624754698,3.231379585788696,9.684138858254755,6.660772174622766,1.0
0.2262892827974392,8.003322866028851,3.551472820092,7.4670539438766825,-2.752545446211121,0.0
-2.1601871981026557,7.0877181438895205,5.207465562484342,5.283823056545965,1.0504568895754902,0.0
-5.512391072646775,7.555817379231938,1.6313457750811167,11.23456060648542,-6.94711331484094,0.0
-8.486323423865505,0.32445746075999793,11.394281726090036,4.432633871541107,6.0051172925085075,1.0
-13.738825239593474,-0.794423477964143,11.464671366421818,7.476608587882666,1.8467539957946175,1.0
-6.815618629694068,16.629906514546608,7.334429054651395,-3.2130610876915497,-7.831320581569311,0.0
1.1125809672057603,-4.827685463545413,11.634640474933589,-5.058835044099052,-1.5943171268434373,1.0
-4.507378551125762,10.13770975695775,9.302832995593551,-5.118658980724426,-15.68367125105515,0.0
-3.362970009339403,-15.37517666779083,-0.6658377569754848,-1.1278246628052964,7.821229068470138,1.0
-6.18067342908031,-3.8577366820803656,0.3724132897313899,2.8111074313330233,-1.3253900389344242,1.0
-6.34248056196949,6.266500448655421,8.93781827112711,0.03751643499315893,-7.106683280812462,0.0
-5.436491279150831,-17.11276493777749,2.523291439101385,1.408755566885555,4.628313427304165,1.0
-12.415893677288205,-10.66585744156234,6.567026814336091,-4.9566457760982505,7.11819776471291,1.0
-8.678257955538259,-7.3327910606773,8.242695497111225,15.487468554766659,5.910451678760447,1.0
-3.922898834516672,-5.437225954252555,8.860540764097145,-2.1007610173096287,5.544455383476812,1.0
-4.769649287218153,6.664075389400814,5.969269984488344,-0.21042899626224543,-7.210290264280382,0.0
-4.877702660744303,-8.183001825556767,6.936305611868735,-3.9541685831320477,11.416089297316969,1.0
4.355044750329901,-2.0450234284492126,12.30704734270973,-5.146616078309993,-8.212888837323344,0.0
-4.2251590005398025,12.122145577478577,2.7918271560099317,3.8586716534516645,-7.025941259576162,0.0
-12.008873011477334,-3.3342207645229847,12.630377739864372,4.682331228973891,5.969756862155991,1.0
-11.221414401267609,-8.349261291169473,12.843190649008239,0.7408961136063135,2.9818689093602893,1.0
-5.8867095455389125,-9.233664465958793,4.427902367319971,-0.381868712695721,7.642291541717354,1.0
-0.0766894039217405,9.336658202248923,-5.237453995541255,-2.7235072851530395,-7.600064969759347,0.0
0.30564856040010424,5.761073282589187,2.204251917404621,-0.9887999372536136,-11.199581039550349,0.0
7.952738755374551,3.9841992206998116,-1.431064227710559,7.763724051441071,-2.921313721336591,0.0
-7.590842277978677,-7.14489116702756,12.47081032349049,6.383877135006427,-1.5536450044477341,1.0
0.736083515285344,-5.160217770407277,16.232517459354003,-6.260815803524693,1.5392108746076496,1.0
-4.027827766936074,2.284931510832247,0.5435895376206128,-0.40793468378256303,-2.5076812875876326,0.0
-12.438010840843702,-9.017455650168325,4.666250158702628,-5.816996891963104,5.8950014439455085,1.0
4.268991670972004,11.081460644316826,14.02385789901843,-1.895776311577133,-13.102900707708354,0.0
-5.649691516693903,-12.849727892333728,14.733326757681382,0.6062100401380128,1.333569716550957,1.0
5.926510552310073,13.422484912945574,4.600015629645014,9.372890378390862,-6.492785652913178,0.0
-12.486328293747906,-4.191277832681933,6.662839970990967,-0.5963562789929333,-2.631418520366463,1.0
-10.880302415264179,-9.155950629712786,13.5107135889194,-0.2642080405697742,3.9473346493630346,1.0
-1.1722360526932354,10.62277515917839,1.2994265680128576,6.933381431623346,-7.7544259746283135,0.0
-4.771209222021592,-2.287368216231525,6.243720313747542,6.709687697398801,12.336783528558506,1.0
-5.890526256565569,-11.875689194737546,5.3017129520485895,-1.4090954439112466,-3.001904892777355,1.0
3.1962659590272544,-2.385105452023275,5.337546334768765,-3.4890484674151017,5.899259624938669,1.0
-0.4402021357952588,8.08784783380978,3.9907753375609705,2.19222704383628,-7.614637199293713,0.0
4.217902607722138,16.980219261395305,2.0838004540721755,-2.974854417352172,-7.508561791649511,0.0
-6.150927242199027,-5.91183057405432,9.897940895880565,6.121926498040347,5.78315260599525,1.0
-0.7622651811828094,-3.355981587581592,4.195136478017641,-4.573935738129661,3.1465483689426232,1.0
-12.162897807077211,-2.7229124211593856,6.029250913649545,3.7848250766485734,1.3096947238525063,1.0
-7.500216530225932,-14.159427790722756,7.2742988722467885,-6.420225705478325,-1.438785556428452,1.0
-10.899851666913353,-7.30159967309616,6.084760824300157,8.624370283783346,-0.21072668577868203,1.0
-11.160958796584698,-8.660497386471043,10.585053673549854,-6.13437531722119,6.562754062950534,1.0
-0.8883658606105396,8.363570856359898,5.124858661191692,4.9489548111253,-10.970730607318632,0.0
0.9074473410025967,7.967717030301514,10.00476907505816,13.792532157037536,-10.80955735432618,0.0
-2.4235911589271693,-8.817178461665252,10.417954405614472,10.21409889621888,6.067999617244832,1.0
-13.994984219584312,-13.688949058534227,5.3357340880400965,8.210569022424167,6.060289736125389,1.0
1.7279107626993575,6.337645198428708,4.1872124247072975,3.6330713367858047,-5.927128792255938,0.0
6.6480962062190185,14.911486731804757,2.2940005757045774,-6.592502961513656,-0.11026532032420633,0.0
-0.9071484907072929,-4.046398657425798,7.581827799754102,3.1676736758926882,9.533041619498716,1.0
-0.03078818318972676,9.766380653916205,6.464683848559229,13.990247610132107,-7.167721176319197,0.0
-7.527695827593151,-5.93904133016035,3.7890600755619586,6.300078529967736,12.408856027540514,1.0
2.2743139609201704,5.084338825658574,-2.0162859315607893,-7.207857181575751,-4.339670556588551,0.0
4.709625397313547,8.603530236235478,10.22635799416874,3.6867964158292525,-4.59586109538235,0.0
-5.54089140394428,-12.956002609765257,4.7322597211926904,8.648680687049364,8.297028698749749,1.0
1.3891050382939492,15.565829858796363,11.618297890177882,-0.8376704489507785,-7.925736559873909,0.0
-9.919485896655036,-11.533941272380904,4.582178940873318,6.188969793765711,-1.362862409391692,1.0
-8.670256492010878,-9.535313759952182,11.02178867412206,-7.524480202672288,10.752963180184256,1.0
-10.519026682538591,7.7839736875485785,0.4236458596471424,12.827883271429801,-7.759056253312953,0.0
-7.452153158807337,3.4963395421194665,5.539349591995494,8.933181115663729,-2.2880441611397053,0.0
-8.754219876384978,-14.031046860855872,-0.8328561618060242,-4.164832956248687,4.708493915085759,1.0
-11.272478599986247,-5.126033188672909,4.1355852051188835,3.1057158296856064,2.644701218535238,1.0
0.8906925102979244,-4.5684478738748915,9.397850417308256,4.338742885454707,4.37902489913824,1.0
-6.800986523958818,12.51583552524328,1.761689705039232,2.5832187571675393,5.920795500192703,0.0
-2.0449731173471766,9.813568088185324,-0.4984968684016895,8.301708888264235,-11.210501432223774,0.0
-13.876640467285654,-7.000081291678903,-3.1766096227594165,5.149840319019354,8.587608970865864,1.0
-1.5489520406025923,7.468703807185815,5.307583360139513,1.2108205020380125,-3.3390838077083176,0.0
0.06034162524182474,9.91219503789631,6.393029332595898,4.419105334679049,-3.7060198483424207,0.0
-7.958157486116058,-10.697617168029339,3.681214807096989,3.6199235887789527,12.429537898382334,1.0
-5.138400897045312,-13.327478088764156,4.88499605075498,7.393965258715395,6.643452144590615,1.0
-0.9875461442838329,-15.705342201484756,9.923033613142465,11.366389437583441,6.259979597707238,1.0
-13.627990651033608,-10.914396596162367,7.493659970859864,2.579163244064438,3.2659851308401278,1.0
-5.742630214615678,-5.658489003077321,3.213142856359066,-4.074122097746793,1.3142026834603566,1.0
-16.038520829306076,-14.094877314832733,14.810681331396836,11.310811952552838,3.6442954344694893,1.0
-10.556114767092179,-0.5572864963495316,6.108216921094371,2.033739915581696,9.513277357070557,1.0
-8.73302340527986,-15.578563316336846,3.7501195305465442,4.628699759933248,5.769844262803409,1.0
-2.5260699101075104,8.16336301557368,2.3737385895917256,5.455106921224308,-2.103101148298716,0.0
-5.270312844457607,12.178945216975876,5.6544939404846,-5.605550891045428,0.8578988154990377,0.0
-6.6435993932520505,7.881891668690688,6.4767063703089915,6.541092815106979,-10.895521944552994,0.0
0.7835237403114022,19.06530882203007,3.7551426987578544,-2.0183165387515367,-13.776223331223907,0.0
-0.6389147738148895,15.152631090564782,-1.4083262572279258,10.33603161812925,-4.7845321443210445,0.0
-2.7524593809050057,9.178271105256254,0.8474021627277541,0.8211661129118955,-11.500792912492791,0.0
-5.137972731456555,5.2186228204298315,5.391847768609139,3.6819495628265293,2.501227004928161,0.0
-5.403709890171605,-12.720823459101013,8.109162510453407,2.9032493473776375,0.8272079711630904,1.0
-7.1125655884495815,9.861090248378712,-2.4286936482967993,1.4170393771972303,-11.399165398475219,0.0
-5.419145951644081,-9.774972848667884,-3.8676332511261577,-8.581200528311156,1.127125666635032,1.0
-6.039810563441845,-13.814070165902908,6.416007104820368,-8.863024997350099,5.0538348753478575,1.0
-2.983364573749285,-9.03342535352373,5.23397518666925,-8.10673913069271,-1.192810537501285,1.0
-2.1321367364535053,-9.135403662998481,16.60103948947002,3.1434739575406345,2.429319025886411,1.0
4.70896239429132,2.7317516568020395,8.705904769967987,0.5783550322816895,-8.278428033630442,0.0
-2.1036068020871825,-4.4580937939870395,14.686876294253613,-0.9976028949819717,3.0137082791191734,1.0
5.318422523118952,8.685534822833382,1.8638812027621094,11.378955031143683,-14.119696693232491,0.0
1.683256249205459,9.423432920936147,4.145430570272388,6.568552098879575,-8.330999912094526,0.0
-7.04701593326074,6.130429475356658,8.41683496535688,4.477755622062636,-11.767403415144026,0.0
-4.503281539815895,-5.676056673424506,4.952632039978878,-1.8365595521001996,12.209054884800773,1.0
6.470190742424859,5.95034267577639,2.7013710365481804,3.4024966375652568,-5.207343241216146,0.0
-9.543737084360464,-4.640008434480066,0.5359352162890278,-2.4810566776982252,-0.6595488011953146,1.0
-9.632938554120035,6.292372505572408,5.194491784777432,-3.7817982031707817,-5.001137099422911,0.0
-1.0163253669387222,-5.511243638177117,17.029610097817447,-2.3693151510345185,2.2714120608298227,1.0
-13.33291670300704,-9.554622333456974,12.806258506649971,-8.93396902096223,11.833862064893484,1.0
2.1869288993011686,-10.55272206442383,8.715266088722052,-0.5237665781314971,-0.07034704351395593,1.0
-2.435756649406765,5.089794562787121,7.881281005447397,1.3684289409018242,-4.781964971616132,0.0
-12.090331654491461,-11.274342362610646,5.563916326416158,-1.8276800961231108,-2.3191317653285637,1.0
0.7267820754609549,6.598353816701452,12.509812652678265,-4.155658631070974,-14.201501592200371,0.0
-8.993357362831983,11.01272588696153,1.3830943672689564,-0.669913724808052,-3.947807097375804,0.0
-0.921572107740622,-9.25691755588207,1.7257922735828597,0.05465095501553141,5.054925139973287,1.0
0.5282074190370469,0.9746081960179627,7.34200127473794,7.079615411905957,10.868831133575314,1.0
-12.878597235102488,-20.419047071480392,11.61359389200943,-2.118681129961997,-5.93098776602228,1.0
-4.049005271247951,-0.4537872065706061,5.706347373092794,1.9791970607518532,-10.965070346492222,0.0
-0.5135170512923959,8.826112616074079,10.156388246310708,2.54430792725093,-6.1281183838418825,0.0
1.321203768870701,15.14895224761986,4.139108453828338,0.9548009330559026,-11.269540124934075,0.0
-3.386665525690729,-8.7122734189356,-0.3920682242156488,2.843774061717021,15.142567266684905,1.0
-7.049318000658805,1.952767621521864,11.968122680835872,0.8442881815080536,-6.54198616771165,0.0
-11.558091087088076,-9.727917135658002,2.759468319016138,-0.0648516750829855,5.881721163738241,1.0
-5.5567586338491655,8.079429613271092,4.923128460713637,4.621633455724385,-7.232121081446726,0.0
-12.466041901810959,-9.767556517599747,8.873517831326478,1.7393577903646964,10.256305504889225,1.0
-2.010940797614544,6.496907857617325,-3.1134383191025616,2.315984557970869,-12.191145759781794,0.0
-11.953907059205207,-10.645641590105939,9.405753106005967,1.75277598983548,-0.7500663459656636,1.0
-8.627306229360727,-12.701171500417214,9.219288509129324,8.173411113118114,1.1765801223155394,1.0
3.495215603466761,-2.937686887928372,13.0449882582984,-4.917042517414834,7.980753314088021,1.0
-11.164368918914942,-14.468597561191261,6.041819523636242,-0.6679385575865169,8.15067045539974,1.0
-9.343591115129856,7.890459118734904,-1.2106862940686964,-7.036732503959367,-4.172313550127329,0.0
-3.0254714237979874,0.7983420724274843,3.7606068140677458,10.280520512580823,-6.775194749671461,0.0
-7.4334364360625935,-13.32153889321205,11.533441392759338,0.17626423262694502,-10.373489540687299,1.0
1.911029358752498,12.698505613660489,3.2332410506370346,2.3081232700650918,-4.299931102630772,0.0
-11.502930165166447,-16.826323604613172,5.688436327449848,0.9550163381119845,6.642447492737491,1.0
7.608833473095447,9.048285350998311,3.689683661220629,0.18594256988859614,-7.781585599963309,0.0
-6.446621096203963,-7.059983013819863,8.281409896469151,4.553505181393806,11.39798005287994,1.0
-4.245619974946978,-9.79268885440191,6.332544533600104,4.573087579440093,10.524302370563756,1.0
-4.147508356041591,7.0537453625375335,-2.6776959044324915,3.4537710692636123,-5.574350830251824,0.0
2.0865732449972576,14.017197718413213,1.286777790844877,8.935496184262377,-8.129859764146033,0.0
-10.428711740481367,12.816359408919809,8.568879629482263,4.100457492865556,-11.714507906797335,0.0
-7.582981276517084,5.767898402868286,-1.4798224975831813,2.1435870252368625,-10.729493346444478,0.0
-13.705218570409123,-5.330853847012438,9.917878817699314,4.50132534000203,4.169546712705614,1.0
0.24106287207000943,4.1725638538801455,5.166756366957901,-4.69695779065029,-9.886465410907338,0.0
2.558328693425006,-6.05556213396722,0.6461150699992464,4.45248168195236,-3.5750683887709185,1.0
-8.154888561044435,-9.465599056650511,8.96292053629549,2.4517652663308276,-6.935050307816766,1.0
-4.725608879010302,4.590272558063817,3.7751485366109865,10.53171208465245,-13.739132905808052,0.0
-2.7265823721220626,1.358748615419711,7.211152616317276,4.833456892511452,-7.1905822761478255,0.0
-10.20722108392325,-5.228810329445303,0.9735299285293237,5.366500887595267,7.521174594993396,1.0
-8.737891516612692,9.880190757454232,6.566465734872285,-2.4461174970649333,-6.11100166142363,0.0
-0.8797148111416409,-11.297839994167036,-2.059240614710667,5.120857464694857,0.9846396117927623,1.0
-9.556693156114243,-6.280829879826703,16.99929311579985,6.099805347085488,3.921009019267046,1.0
-2.5913121034165107,14.956252495438742,17.27454096559621,-0.6811741806608711,-9.32682440374238,0.0
-3.950588587452701,-12.52217843637412,0.2471869558777655,3.114970446918904,9.208810498900753,1.0
-9.338976179055422,15.074006055130324,5.946131492397382,0.12678398770971633,-6.162684854440014,0.0
-4.752659927074795,-2.852093138409871,0.46515442934637363,-1.5249047772735573,2.7187080765423848,1.0
-14.277330708974567,-2.5421615577020162,13.055727267502341,-2.844593955270997,9.197118238286707,1.0
-4.741365695805392,9.98473609268986,10.008037585526962,-3.159406813114569,-6.21477882041689,0.0
-3.2472105545460934,6.68410361885711,-3.333636500105876,4.541170216789315,-9.543131389460827,0.0
-15.077530405903117,-10.800683286940375,12.306375468395938,-0.310176661276814,7.363850531925028,1.0
-4.65570874563905,5.552181228829042,-2.391708482131068,1.5576418207972582,-14.40322906130628,0.0
-1.258196591794278,18.992623577118145,20.189471616254906,5.006784979621646,-7.795610284753209,0.0
-6.0342569018447945,8.73544073990979,7.431513398836714,2.3531966410027896,-4.185847228919425,0.0
-13.10869647550787,-8.563657201636767,3.77562364175284,-4.270224318512497,3.0763663037990567,1.0
-5.189992187767405,-14.873435995922089,1.9469609502525138,10.404265370905192,-0.5660828437927474,1.0
-6.685932889351537,19.74003176706526,-1.2981132589194626,3.5222732350758696,-3.7107427864907776,0.0
-12.338235454071459,-7.669087627688018,12.500739997583427,-2.158010525635948,11.283930662155647,1.0
-9.160713730646888,-7.931194656066154,10.298670244676526,-0.7648150306774304,2.0964624452037386,1.0
-4.159007831574211,-4.6093133938213695,9.893835677622583,-0.2835484253089189,7.944274930486609,1.0
-4.139315283891956,15.020355739018045,2.599501971120344,-8.217452991948537,-11.920058745738292,0.0
-3.025306387715231,10.341097875196464,1.7260855481701909,-10.220916107441413,-7.551023002082791,0.0
1.5551129711420506,12.162430337816382,0.4949037816177402,-0.8277355170441156,-3.143159165534961,0.0
-11.720338385827173,-10.38986628356053,4.251907195017231,-1.5266447263034997,9.055899348704806,1.0
-7.922450645977986,-2.805286982316435,-0.31231636744953484,-3.2531466060192997,4.79279023709125,1.0
3.3001938899882024,4.377520457245451,5.831723749902027,6.849157832852881,-4.374156341452044,0.0
-4.820574066577962,6.841804991036744,3.0940182188849046,3.083838542109296,-9.273370299468656,0.0
-3.0758763217185576,-8.537897783560192,9.265082942615951,8.26982473839497,-2.5024354314773394,1.0
-6.248538595859945,-11.183982027688055,2.359192910070976,-5.2037260871969515,7.492799916138525,1.0
-2.8983836081167604,8.111886560245193,20.605416675452403,3.466934225769163,-10.638582441627191,0.0
-6.287923420516973,11.696835346050339,0.1475389272729153,2.114075470786373,-6.925222174372288,0.0
0.17218613274157235,-6.789513776838524,3.0180833646308507,9.039150085490128,7.650967918616047,1.0
-4.655419724546059,11.95705247705192,-3.3507429231906363,4.284033014350446,3.241920925282992,0.0
-4.782059733155355,-13.15774255958484,13.72084757378746,7.230923555158432,7.079173070980347,1.0
-0.010772071538081018,11.374297482794693,5.019655175808539,5.686581775739343,-4.468382427747985,0.0
-19.012069945951986,-20.772977107614373,4.8441320554479566,7.50880117258272,-3.666788602107072,1.0
-0.9027063391485521,-11.821473049694662,17.81321961116086,-0.6058544350627466,4.32348662262159,1.0
-17.258049638668613,-9.268676220590475,6.5719206141393425,0.38881916893235546,-1.0514369174319729,1.0
-3.8044083521562655,8.03253688277343,4.281872539157781,1.7870585013915241,-3.241479472966371,0.0
-0.7010174978145796,5.7886873551727,6.446856863770171,9.663352516270578,-7.058757386701028,0.0
-2.6912884855430006,-12.234481022600786,-7.2477570335860015,4.6384161635493415,-1.9401518937989701,1.0
-6.550526231257382,4.862064095415495,7.252449362556889,4.0651607883841505,0.1283657735808772,0.0
-1.7615618627410399,-7.591784778427366,12.54896528592247,2.7467394003486314,4.280966772345686,1.0
-6.39175770953427,-15.160819791410837,-1.6420093471741808,0.10821428679933232,3.5428068245467284,1.0
1.0855689302725837,13.994524557227404,0.8559033933807978,-5.135883649768487,0.6270410686261636,0.0
-2.483630339840446,7.8413504613225875,-2.43697487402397,-0.130056929886063,-8.593199773785118,0.0
-4.148671205617339,9.790239547493217,8.765370159566274,-2.36248139461377,-10.170209636527552,0.0
5.133144509009909,11.55346490964644,7.331359231476267,7.335706370489743,-8.704390838865697,0.0
-5.365092571966734,11.877200034979115,11.636656019158112,6.596338098504576,-6.5814753415504,0.0
-3.473312041061207,-6.795291218127172,5.784480559804283,-2.170628757371979,-0.27195305549637716,1.0
-0.6821895610681388,-10.81947614714481,12.665419583968784,5.042904682806766,15.679645316444853,1.0
-7.964029774128742,6.960214688425397,-0.8886445062015778,0.8985645324970553,-8.419798612079976,0.0
-9.689320090034443,-6.441522989488899,-5.800562366371857,14.767348778452787,6.8165820303919595,1.0
2.2423403368151282,17.567352991107946,4.117632743540744,1.129061067990679,-6.529366375585363,0.0
3.5233472094890343,4.929607773262141,6.483245380592607,0.006475622303928619,-6.735903076477182,0.0
-0.520647483582664,-9.392390558031448,5.382307647891009,1.74269799225311,5.8512391970815,1.0
-2.9621612692829133,-12.231543063106527,5.7323352767856015,-1.8834816557913951,2.862450852083346,1.0
-3.5255533518915714,-5.81937515524654,5.364139088564372,-3.0665213105205895,-0.975566201709146,1.0
-4.959099233246464,-13.810470365634972,8.571263863489088,-3.8929806888077696,2.897635280439982,1.0
-5.043913499908399,6.659094600106707,5.800128523016283,-5.267252023545889,-13.916946063034047,0.0
0.3357177728736267,17.15626924384101,2.744240131290666,0.9552678834289232,-9.788031760894489,0.0
-5.199384778144802,-9.97570905640305,3.203845480638705,-1.573247022381754,14.410512034850539,1.0
-2.3676057424004444,9.163066825677047,9.33129786610809,-0.6070539571461375,-6.399023306446353,0.0
-9.902128851951957,14.733056344232967,6.332360873700172,-0.10326988556327432,-3.7157178606198458,0.0
-7.588352523326581,-3.006475028289749,9.978401225319155,-8.868756363792976,1.5141167383858676,1.0
-9.121232674776694,-12.299579402965492,-2.521092796581712,2.5394908814047077,14.37183175663963,1.0
3.3372803291756137,15.925081083385958,7.883428274176315,1.13757928235646,-6.146058758984656,0.0
-7.974440851954075,-5.0071128814334624,2.1225543164192135,11.748275606248841,-4.943978790551572,1.0
-1.7330440884993168,-4.8548181212823,7.399437628200869,-2.851732644750034,7.389390116791876,1.0
1.6424814596684776,4.733866998653985,4.997710022325064,-0.4151175498848514,-4.484728062419311,0.0
-6.135725573687491,-2.930489174540279,19.04179317956183,6.376033457806192,8.905517038279008,1.0
-2.150761374855218,-13.34127951931632,1.6595981591599784,3.7741513167958667,-0.060168629994445944,1.0
5.818174599260133,14.086136453288974,-4.564492320430125,-4.424715149737776,-10.003720079629664,0.0
-1.0659167056010173,-11.738409419904434,1.5414438317794197,6.272696896951942,6.2498553171179125,1.0
-1.5895179678401954,-7.000228555587456,8.063970014490085,-2.3830414484422855,0.6003477376756541,1.0
-5.803127065994507,-6.296984558263063,26.954711447680335,-8.398264462628767,12.78493480472645,1.0
-5.772317225154893,-2.664568186412035,2.1637467050265284,4.999754723060462,1.2119777736064545,1.0
-2.0503937403752386,-0.923558444806142,3.541519397040542,3.758732541499464,0.5098430325563106,0.0
-0.5006390125580431,12.465006086753885,2.63377647679892,3.0936320929928156,-6.816665187242296,0.0
0.9393414031732217,6.499412275441606,5.957314912883399,3.4442903290082008,-8.05166619273288,0.0
-3.679296918587657,11.346078000429994,9.576551419173612,1.5934145657281182,-8.47886480742549,0.0
0.6678925279933816,2.817994153930959,4.939541987559743,3.3600543737316904,-0.07633421195801482,0.0
-1.0735767970436292,5.952099254996132,6.4473964622586095,-3.745461352662577,-6.336828662268655,0.0
-6.612609214811303,13.83116677441993,6.703783470910593,6.083470483913182,2.6043377221184674,0.0
3.191547569553582,16.91698956104019,-0.43559212291124183,-2.0811178721109593,-13.167516485724352,0.0
-7.445749855854649,-15.33440957386513,8.487456630199521,-1.761519650215456,-6.788156968971858,1.0
-7.604632488683103,-11.068046325941811,7.889225200763817,0.2067169290863431,-5.8758327478041394,1.0
-1.826520967639063,7.187678371637778,5.563280365552643,-4.76246176370775,-11.737697383704528,0.0
2.2871565073732842,19.780198415756104,0.8031410217878538,6.334772867544123,-5.962917162459512,0.0
-14.62320108759468,-11.294096492346533,5.899145448650349,0.741401472387275,2.953964326567015,1.0
-9.202226621668995,12.478879243356378,1.6105747324336344,10.570059214977215,3.082949574689321,0.0
-3.556595866610397,-11.60293194347252,12.332647183908389,-0.4655539570618603,0.2514340933657242,1.0
-8.557671337258288,12.013929778179344,12.293632997946588,8.066978942427316,-7.94684154580231,0.0
-1.5226190860247724,5.926026651026571,3.0595145560928527,5.05202543279644,-0.860205005307189,0.0
-16.43831234653473,-2.2824902676228884,6.2019280611081795,6.320224596581957,4.560458976214575,1.0
-6.802017923527932,-4.326941887702774,2.7847420147641015,9.61871985307302,6.715411998558882,1.0
-7.338639714001577,-13.277175314328714,12.311683300099926,0.5883290561728292,7.959025993351448,1.0
3.40260823087176,-14.492769933265588,9.691683299555976,-2.609605415043516,6.93901478763215,1.0
-3.3809689125669293,10.140825738403029,2.7922441920613084,1.315806705582393,-2.7493913339437386,0.0
1.953789068443796,2.9584264817944153,8.293699431560723,2.0445350231229025,-11.649324288134494,0.0
-1.3479291372477324,10.479648494691727,1.0681217460962622,11.302042239664514,-4.5104625865923325,0.0
-2.122863207985514,-10.67086285847627,-1.1958350186348916,-2.600029705783596,11.975895398461898,1.0
-3.61401849220107,9.148715323170975,5.681792875965864,-8.235504658180721,-8.115514103754254,0.0
-3.0359112134314628,-11.879460293859808,9.139101054221321,3.5778501905801514,-5.286794904559855,1.0
0.5583922405993329,3.900323302206294,3.352996149111376,-6.369750685447215,-4.883511578124874,0.0
-3.3499167159766983,6.653833239712685,-5.2566202156508375,5.712720964528401,-12.243342319850303,0.0
-2.6753475762750543,7.973701841835624,3.997191279033448,-7.436075543547464,-9.623251729856078,0.0
-1.907719464493256,11.586480298492067,8.19795322667255,-3.6500407752486144,-14.550198044829381,0.0
2.7710864222775085,10.13048069884412,4.365408833146669,3.4009400582290166,-4.2740150492545785,0.0
2.6769858424226705,-15.240605611648345,8.270922021604106,7.059520100840168,-2.113161784090553,1.0
-0.10415146436918388,10.133706249593978,0.6875065590015419,4.330511469620711,2.5304952912238985,0.0
-11.662362107335035,11.570299125823226,11.50817156204289,1.2859271108022727,-2.1152544551365757,0.0
-16.966803583888,-22.99995738155671,11.39342721648741,2.665387486889008,3.0331696523596507,1.0
-1.5864411070675652,16.7248358910377,14.670343277023717,12.28068756712272,-0.8377960381855578,0.0
0.2564172281701351,-10.935501519928764,11.105964687079195,-7.54800011807316,7.4587077614889665,1.0
-7.258437614905098,1.0243831273130297,0.393583203503713,4.550246444043548,11.607017097562357,1.0
-4.476386694436027,-1.3547757194061036,4.848695513658338,-0.46556225668189377,9.909811650314644,1.0
2.5222664230194525,6.129826780582578,8.81833939655381,-3.6753645893473585,-4.230606301574856,0.0
-0.3216423469126415,-14.299035723779676,6.055142527786798,0.2964767076151935,6.607724231302547,1.0
-5.783597907273766,-4.879031204695672,4.470320764498139,6.284643452028929,-1.984466433081172,1.0
-17.33162408754173,-9.689618990615537,5.995500114068177,0.02290904152231832,3.588247378388947,1.0
-3.0572466426819043,8.572471332171645,2.7898236868174626,0.6791893706052201,1.1136086613723144,0.0
-9.522223982051218,17.76216984413302,-1.5794373407283242,-1.4913563050388046,-10.471663518997257,0.0
-10.077769586116887,-0.0014122530814031364,-3.2808008787993472,3.308802938998149,-4.336002075001601,0.0
-2.965740918533084,-10.993955604511505,9.363787149682482,4.776288096232491,6.385320595078882,1.0
-9.462257812713805,-9.820660673776496,6.294225761097001,-1.7105914978370187,3.2775807403419983,1.0
-4.85656955272751,11.727086346128145,2.32279037216579,-0.35547908391055216,-5.669815833321099,0.0
-4.35028182599662,-12.479688768669075,18.148803254531714,7.975043206582156,5.224321709081983,1.0
-10.415151133213417,13.489477698578899,2.224573577810904,2.7071347438684787,1.1814759501258525,0.0
-6.087997568606509,12.424546456761421,12.076109612907738,-0.927096522909483,-5.682604688474385,0.0
-2.0146017882005864,-12.733791453519514,8.339702688428858,-0.26586601182390046,5.089894458014603,1.0
4.94443306119701,9.75762341420888,2.9544489806379044,-1.0938436337639668,-8.391975623591911,0.0
0.8475027591995783,10.080269269386767,0.8800321775340061,0.37790000560764114,-10.859756475168716,0.0
-17.309598981942635,-16.19851312176997,0.45434879100540293,8.9146483721717,4.740574492055639,1.0
-1.3556930944593328,2.7134623023354205,1.5580717960307142,0.09718778232104697,-8.46820267493244,0.0
-9.414420638821625,10.5333791062227,8.24769136185882,0.8188378147168871,0.38667612545390107,0.0
-8.821844284781738,-10.366423311977575,10.491828039368997,-1.4686981381910726,12.55482492278374,1.0
-8.530560551783132,-5.174182347527285,0.9523623201147275,7.264713490117138,6.6003256613426,1.0
1.0380614626424474,6.836854275349104,7.205407827108515,0.675436296021146,-3.185574786713755,0.0
-12.263505230631015,-12.650923952369002,12.505037375861102,-0.9553744410551204,8.664116942578866,1.0
-6.647148726296349,9.445005543430195,-0.7208162236999334,-12.633582733532304,-4.696828170362931,0.0
-3.8236517690940888,9.126615592258553,7.375474412104151,-3.9308943926034923,-1.3080187178069096,0.0
-4.775439668167817,16.27662380055205,6.273602659239701,3.475541481994874,-3.7685914709342603,0.0
-9.130173883255015,-2.5525816723231465,4.646847480417588,3.814568325912277,0.5066701773435422,1.0
-2.349176877723917,5.247196776467405,6.939739550923683,-1.4154071648197988,3.187309046481845,0.0
-6.912716169423237,-5.844355808826459,10.665225359089106,-1.6485687590283034,4.571429337988711,1.0
-8.026030653922117,-1.7501668365640928,6.582771858882921,14.438167271104685,-6.909981748850737,0.0
-6.645435082974099,0.6505073270938748,2.5840593291537717,-2.1493149925937347,7.981600463785206,1.0
-11.473542150706418,-10.925161824661432,5.848073344309172,6.9013838315877205,8.753723775632977,1.0
-7.374335599472477,-6.658450809135781,-5.337707510599724,5.432647685177332,4.792341074230745,1.0
-9.239096024286493,9.646184025930381,14.334523831519524,-3.0284869390871414,-10.268352043775527,0.0
-4.789080813836087,-17.71838652687802,12.643227853302983,3.285144464847293,11.08411179389044,1.0
-5.909849875246577,-15.18863320019617,8.758302187007247,-2.1374743526080806,0.9700379232784382,1.0
-2.266589483328615,4.859535546143133,5.992162965127296,1.7219791366950472,-8.074367425483318,0.0
-12.719007349615621,-7.754449937822865,1.8370102773344827,-0.9220338988293046,-0.024860599327592325,1.0
-2.839928646265589,-13.078655746788552,5.204724505385187,-0.24477030705509462,-4.816764307229166,1.0
-11.331698833375306,-9.158716577379593,10.004977463084654,-8.958338870635556,3.3508316785216166,1.0
-5.759317295087241,8.597096279246518,-2.608347262264549,-2.6361293816858336,-11.899414051558763,0.0
-7.992484077167274,1.3959832219617798,3.948852821545942,0.0069202895390216845,14.11921806694458,1.0
-10.956987734856552,-14.169502416132136,17.94737993058351,8.678995544806192,13.763289066642216,1.0
-2.4743759892091015,-8.831699312963973,9.300627842438894,-2.7655445402118835,1.2147903987840993,1.0
-4.152290001797674,12.030223283610038,1.9193088256571382,1.159205153579261,-6.6750313141726645,0.0
-6.78320340478582,-20.439905747788124,11.236672047081294,1.901136065515715,10.17370779583627,1.0
-0.09683554683682383,7.896972201569067,8.209881306688562,4.339357806808456,-7.243771754435634,0.0
2.353574625080899,12.123335939284303,-3.2112447632241805,-1.6625161951836107,-8.117220368908793,0.0
-4.014716100999194,1.6216761763611842,1.040657794254558,-0.3300241708582057,-1.594016060056692,0.0
2.4823568676870513,6.85618456460808,6.658529287911149,1.8521916519861512,-11.39813649480191,0.0
2.3101979609217986,20.066901136155078,1.8524199111889335,-4.875845213954657,-7.321037432907544,0.0
-4.323390425251046,6.786773521194462,11.906801221816606,9.871030412594294,-9.49392732691761,0.0
5.314020656017281,-4.084439392250401,8.74939135810422,2.408405025131588,-8.374663943480607,0.0
-1.5612895400590332,14.019516591034026,-8.876282628768084,5.36254628159527,-10.150005606788389,0.0
-11.693772419699009,-9.871384155116244,10.374603763444815,2.807165039706347,1.2287952081012312,1.0
-5.697897544309329,6.359301353189233,1.5241762041042795,-0.8042159118605414,-10.066562827683859,0.0
-0.9814835514723956,-7.867789601869222,4.6674514424607105,4.441683490804374,-1.350009193261208,1.0
-10.678625180677383,-17.693670522076467,9.681234817589733,-7.133424156827575,-1.980767600407904,1.0
-3.3088902728698857,8.919205088684878,-0.3727679869609428,1.8806040039787824,-8.322920385751962,0.0
-10.277991453133072,13.103734418323466,6.521926466715684,-2.5370880878468203,-11.227942597524741,0.0
-8.358781801604191,-5.347024938209925,4.50230431097492,10.834427667289452,1.4266688815880801,0.0
-7.787354939513531,-9.370012769292586,12.301430485508853,10.538163284454365,-4.028693731259175,1.0
-4.953444731984121,3.416198961753265,5.344310070784121,-6.8690271438735255,-5.263788620227363,0.0
-15.53026690618842,10.009026862180795,6.823571594895649,3.9946434587492203,-0.7007162320404996,0.0
0.5426537041145743,8.90977815837758,5.226515752772011,8.361494162882856,-9.83748413533042,0.0
-0.7911061752104431,0.19908535138465133,6.260298683202077,0.04775828185914932,-10.264237192681064,0.0
0.33963877810826926,11.252828928284895,7.8534926355658214,8.618932334602889,-5.897021342643919,0.0
-12.155647970678194,-4.724413852465998,2.5102678559038214,5.486145394108478,9.690616887394473,1.0
-13.632889414990863,-9.217685010061127,-1.099814970633231,2.976882855582729,3.9797985157092004,1.0
-12.531128216645566,3.220055621256096,14.905493191766567,5.032891836826593,4.521635862339632,1.0
-8.250075002422468,-10.0552476535111,5.8243319341243005,11.54298318272921,12.291246132731224,1.0
-4.122596817263429,7.760121045923085,11.28084954547339,4.754319730944031,-4.600188330743232,0.0
-4.962934436257726,-10.884870127114617,12.353145474480787,-3.6151802599010177,9.800996522188754,1.0
-3.5912937125240783,-9.185989187847357,1.3885559739699804,7.311371138968156,1.215890892015274,1.0
-3.2659751183483863,-8.279331965619068,12.35930891848205,4.612274116821435,4.292475319791087,1.0
-6.107641265299691,-10.521090706026877,7.224154738657146,1.4859764058094669,10.262866038009495,1.0
4.994601330118804,13.265394838765786,2.8966181641888054,0.22688116234858802,-8.487802447238183,0.0
0.0660408084774895,28.277943581471927,7.4943313896939365,7.650997884843727,-2.109618373685258,0.0
-10.500061251988992,-9.81527951252113,5.063776055939314,-1.9243922937341962,4.126226628518135,1.0
0.018153172780384086,14.315335665692722,18.438179030783488,3.935249519834567,-9.424445319688765,0.0
-2.5719289707862263,-8.143025763368922,-0.5614594954562833,-1.991821984890036,3.7915872379490185,1.0
-2.1699200704157335,13.278154503809418,7.063542922700475,-2.258613591013636,-10.09737635273858,0.0
0.19082684837950303,-6.601358071291132,4.81735237654764,-0.22041394777513101,5.354226324789605,1.0
-0.5369369111612659,6.909363724097007,6.088753120710166,12.350173677167927,-2.5240036739928087,0.0
-0.5557180184120294,2.3819254866429063,9.876467369335343,7.8211196460796,-8.02658091149141,0.0
-7.096711728124069,14.102593462415834,5.997355390356342,4.730551060138348,-5.176681109148786,0.0
-2.103763407239919,-9.032042231583725,4.2817690921020155,4.984951771452982,6.2096321493408775,1.0
-2.3947786088402854,-2.463952550242399,10.581132872196232,-3.666128117259907,3.153993886183319,1.0
-5.323566226061522,-0.3385408837541082,12.681238676673132,2.975478191189297,8.868004459758325,1.0
-3.1246123207393963,-19.163742987917615,7.465810821414498,-8.36675886441681,2.5599625332376994,1.0
0.7430528396279454,1.4988846193992318,9.899616924842693,-3.0171334526313327,-8.799483550913028,0.0
-2.2144692315706003,-9.951931260519046,12.649382744070635,9.285383962295072,-0.4201530394461894,1.0
-1.5860283303912293,10.313700099440439,8.548993195114653,-4.211583870449678,-13.481910256572652,0.0
-0.00028394221502514583,14.601280207710627,11.882374985692731,0.17432645499530341,-13.509865621561461,0.0
1.7388128620523728,10.799363558023558,1.1753308599248302,6.471169061106986,-5.343129586768224,0.0
-3.7361382030671026,5.245605306410874,0.19230668810048535,-2.10588174088646,-7.265135738221791,0.0
-1.2020088573612258,-14.36979531869418,3.200952107860336,-1.0206483813343263,1.5165630156008327,1.0
-5.772317519564705,6.783368962124423,-4.807824818499553,-0.28836191230465147,-18.999023824296053,0.0
-3.40409509285595,-7.419572638328505,2.3841562109949574,-2.2119545957626476,10.409546082404242,1.0
-4.815115032586959,-9.908666245275317,9.220549903524251,5.474663665471741,5.489536521783576,1.0
-5.882989663342111,-6.473136345834934,4.095662555321728,-6.283116842971687,6.677711879668433,1.0
-5.078532209736218,3.718218518753564,4.326483349862242,6.748881286446923,-11.808257422828989,0.0
1.2657222312287786,-11.74723792359628,1.4541230934538403,1.0326115899407662,14.50098324673867,1.0
-8.352388381216116,-1.5745500310050948,14.967262168203245,1.6170704112554568,-0.8807921068158393,1.0
-1.5270567933800159,-12.486340105673058,9.130609501864217,-4.443407483929063,7.023403111799288,1.0
-5.226321478721575,5.4500572148124995,5.172029974687586,0.6982835968364556,0.6403377517621731,0.0
-1.7474232628841402,4.9021864662873185,10.245032172850458,1.9742050085317175,-6.926128796844342,0.0
-10.798877198898088,-0.16364487745196854,3.0396624463647397,-0.7554336625701574,5.183396713935792,1.0
-11.582104175697712,-11.642132291535312,-2.85757959878098,2.2597675761223903,2.9160923326557056,1.0
-3.7697596417457033,-2.193661158958962,9.257565518944716,7.47720236079401,14.222803784424734,1.0
-3.005076941949665,18.24747110843665,-0.7105449954026613,-5.654456170682963,-10.339167540557492,0.0
-14.637670838570592,-5.528068582843645,13.266507030933743,11.26911094179608,8.37697821753711,1.0
0.9581969365172185,7.054222928602673,9.93956075646121,5.058199431824219,-3.4617805751488824,0.0
-9.804647860364796,-11.232120614244453,9.12090190323433,13.767679168367962,0.5812343745417072,1.0
-11.8469030911857,-13.917721891585902,0.38081014634264765,-5.979055287654374,-1.9249619051814877,1.0
-5.558768235047764,-9.588912512905043,1.0034920757618844,4.45322419267387,-5.5854072206912075,1.0
-9.17330277378137,-4.554815355423232,15.71040835452615,-2.003558523850206,9.54569227920931,1.0
-11.84189737985583,14.051854577382933,1.2167297074280814,5.926297679754575,-16.730146279710446,0.0
-0.2473386418040806,3.7023184874639234,6.781414322266344,1.0374483589179881,-1.9509772127519556,0.0
-3.4483418182032812,-13.032791126764693,7.662715485083392,-8.077336425916506,11.371176584930359,1.0
-8.924158743995598,13.99562022543402,2.1710959204215388,-5.809739809358023,-9.020202995980833,0.0
-2.249468194016253,12.677486514276218,4.23629593568519,2.366345635521185,-16.87063061381181,0.0
-10.129244020763128,-8.417486605707529,7.387666133217129,4.421435411698341,2.818222789372196,1.0
-6.367686382484909,-11.252465710670602,-1.5822691568294633,-9.130039860758119,5.294872798393895,1.0
-14.264734230935453,-12.535184793931192,13.283019587566567,6.7723793782124035,5.3764751661929076,1.0
-4.593707570199741,-1.5592161459021776,10.846055614622319,5.96758367174177,4.580584695567714,1.0
3.0542442518968764,5.867969159734378,12.308517385810598,-0.7058376313207573,-15.416416979116004,0.0
-6.743166213394775,1.4400500047689988,2.4073040758929958,6.255163655558094,-5.80915847050025,0.0
-5.2410037290605205,-4.216977058946862,2.2540431540360144,2.4507360418809707,-0.4656715743770281,1.0
-6.991611011866212,-12.282755469513038,8.347317327507625,5.85169163226725,-3.9179823811314556,1.0
-7.374542327460528,14.997143636520779,3.8472309710932513,1.8366469863910728,-11.54596698651725,0.0
-9.574318874239637,-13.881101177017051,-2.489605542864192,3.770550471362644,-3.662562300889367,1.0
5.863264543684937,8.986306034053088,7.983587114190664,-3.4853346967558396,-8.815125703523275,0.0
-1.268238499760149,-11.137150835788391,10.040477054857751,2.038038869395809,10.311403398114324,1.0
-1.3896269527294431,15.834988278067542,5.266001349467638,-0.173858021685533,-6.268139675989851,0.0
-4.64360297278985,3.953764251897484,-3.634404523100745,6.089022603750305,-6.513037355209251,0.0
1.819578347797857,3.01280409291944,2.9673726570233594,-0.40155687186404876,-10.14627335401983,0.0
0.20880314991941162,7.161214467767792,8.498372389469825,-12.269543419209645,-1.1357986892907528,0.0
-5.209227507051459,-9.614623000759755,-2.2155148738882513,-2.2796248190333337,2.0934238888126875,1.0
2.738565953543925,6.338110070395482,11.22684916439973,2.9611677074027303,3.4966771719750565,0.0
2.4124143693301683,7.944341907070777,4.392560287965937,5.347267144773751,-12.493237298962763,0.0
-3.7630739018763686,-5.321127090941539,18.098166302414413,0.4458169584335536,-0.5436619474109863,1.0
-17.728496681904456,-14.809274762097457,2.529630634564829,-4.740243212339436,-3.756490393016991,1.0
-16.420120278892483,-10.803591541943016,12.331682041541503,8.989572872486333,7.7141970674098355,1.0
-4.1131646779038125,-9.007953886275555,-0.6502568753179592,4.12579838995657,1.2718476717573557,1.0
2.759011359986448,4.267291684038606,17.801789160415055,4.439759188345178,-5.955446572676901,0.0
-1.2105851144453408,4.492703002676278,7.832841130114971,-6.334430627404068,-7.210026184387853,0.0
-9.09532969891836,-11.235792593632226,8.806400641202512,4.3382242112021,5.147912884076941,1.0
-5.334872378112677,-12.116766353943229,6.144966691215361,-2.6750159750657376,9.757676143741389,1.0
-12.497579759473936,-7.623917690884635,-3.0869706004462323,4.788046016760221,1.4204500650870457,1.0
-0.5971488921324972,9.846547169263602,7.102135156268847,3.4190129034798225,5.396873508403202,0.0
-0.6609866620622806,8.477775408177177,6.87846346527949,-5.881211076401764,-12.513464535700297,0.0
-12.927494270369973,-6.893434109875091,8.580890960201263,1.0509545749715792,0.38249405512909407,1.0
-7.201050478818435,-8.379565334394146,8.58472489763209,1.441155019254385,5.23501747177354,1.0
-4.7094200565376685,9.667989014628779,11.84624528155868,-5.2061410719564645,-1.063808430376472,0.0
-7.401823558210406,-6.871792506609392,3.6332374971917454,2.9285560478744275,6.462809680832429,1.0
-2.0208171303085916,5.149237208920989,4.762429707522815,4.463161140167981,0.37609084782393865,0.0
-5.974795879420535,-2.3219375700556917,10.25435191746262,-0.03976885621822612,5.447446407700546,1.0
-4.41517730070365,-9.125916521663326,12.700239925283192,3.0756425608797295,5.20912270723488,1.0
-1.2370934065466845,10.702299438574332,2.5804940056157646,-0.4648614364217356,-9.042418130249374,0.0
-8.63435674365832,-19.93006655689142,14.172028453769627,-3.4079726757262545,10.43846960322039,1.0
-5.3182185409430875,-2.874651929553938,1.0341821359542642,5.679201497739138,7.113561862178226,1.0
-3.4837390248161553,14.683136612533644,7.607662447632411,-12.72877348938067,-3.6001233085024653,0.0
-1.5864669438565517,-9.702336443618332,11.183123689682079,4.228835993360405,0.4956705703709261,1.0
-4.794678905984109,6.003225826389419,6.98375011660322,-3.0187575120007253,-5.3706676920539405,0.0
-5.232565915410901,-16.424196239994405,11.07641875310753,-0.05867178956209429,-1.4888951392808796,1.0
-0.12453914334237126,-2.3746013090449756,15.64218707621607,3.5485158675209405,7.09841005495097,1.0
-17.737966617078186,-8.878893764694762,8.113969042114626,0.6345789532864177,10.617820751000304,1.0
-4.516957864058918,-15.672619573040143,10.286359284735356,-11.4996579231497,1.012028794101857,1.0
-11.710893210128031,-9.235269878664525,5.821193171895184,-3.005706643583153,5.962272475649744,1.0
-3.781415669761603,-18.394912214948533,7.788419148145751,-0.32018033193740303,0.36762526624403424,1.0
-7.832625123265004,-7.218042615528207,1.5850659664203661,2.448347483033681,-10.794228298582707,1.0
-8.136642859544633,21.243046026282453,5.285984746104239,2.5201436569651965,-3.2507940716578103,0.0
-7.137724235899177,-6.322875913517276,5.729781339268038,-3.12675900784505,3.5447312356903566,1.0
-4.911123102194689,-18.47669065336406,5.92910594474492,6.248090090785784,3.9169656385503813,1.0
2.9956005519401048,18.80602339930129,-1.5078691360339826,4.456665800123341,-9.206179475051536,0.0
0.06501222153786124,-5.651704341520648,15.405023129108287,-4.941377125970806,3.988698436151091,1.0
-0.14123546987684232,4.417164957029306,12.389550861315799,-1.9430967777404535,-8.489934772179648,0.0
-5.476927570825264,-0.04522533566034248,9.184050278533018,3.968096213203819,3.8958482908331824,1.0
0.4498730456541402,7.244082573493203,1.7718699717435964,2.4824511602506654,0.8654735663246669,0.0
-13.99010238873894,6.261601880740404,-1.463683293342692,-0.5675313042958225,-7.618528785238627,0.0
3.899021351966093,11.802741431823945,-0.917410948457059,3.2056935761007566,-4.3885184486673445,0.0
-1.290194054196756,6.19389297451468,-1.7616431571263709,6.335456325341456,-3.628621301357965,0.0
-2.303158215475138,-11.586029129613685,6.73969333652247,-1.1554889721578414,12.855708315187565,1.0
-21.07550289070308,-12.88523186204978,12.107038847426995,4.607032813606031,3.0538852411602893,1.0
-3.61546574098161,7.630219628753718,6.176912325273605,6.051855746637216,-2.5772597493525433,0.0
0.7477586334762396,7.437939904996593,8.434724938694439,-1.890956388747127,-8.063720224851314,0.0
-8.868508061348967,-14.758480547748807,5.3240276048430175,3.3687739977678457,3.936986405308224,1.0
-3.6052316721674975,-4.784334528677461,2.354209541324437,4.123257949339134,-0.12103963112508609,1.0
-8.397931219605521,-9.242914444949452,-8.528605763891575,3.0753044313523845,1.7190711553691105,1.0
-2.382255520340699,-0.5840796527899599,4.570690105756915,-1.4754691863801375,-9.34524130315013,0.0
-2.4153402427321007,0.30977325194442606,5.275089952351216,5.583911032764986,15.569710738615122,1.0
-3.9902169750781606,-5.951510131102703,6.680225683738424,9.056973964322928,1.7408590829968205,1.0
-0.8874012144447352,3.1190871723993094,10.57827577853592,-0.34991680255123336,-5.873828911787074,0.0
-11.711341192042216,-9.715220036129464,9.78105115173262,1.9758574270250968,5.696356919352098,1.0
-3.4789585511878007,-18.522091269148333,3.516746566454,-2.3690160292531575,4.660886327966974,1.0
0.16333061935000126,13.452563257567501,3.0365407084421427,10.949226463502344,-5.72927339519426,0.0
-5.493317283452567,-8.949722652554577,8.93393446933363,1.9668402151211652,0.09637969462025975,1.0
-9.518452937014153,11.948571597199674,15.592156965277994,-2.97951194171271,-9.71111583916513,0.0
-5.0300967780911074,8.606672762690092,6.378261253919783,-0.46297313662702955,-10.25816758695933,0.0
-9.441980796659415,-8.559008057413525,5.7752743455583975,7.7524381099312505,-10.026080651065985,1.0
-3.2744327805480387,-13.419698259454634,14.100736921026183,7.873293780847194,4.832934042159874,1.0
-7.1456436017605,-11.593236774327258,8.163599618161346,6.748357907921593,6.665609510941967,1.0
-5.424584815897442,8.178677559266264,6.0527785886696,0.7297140530229966,1.1571006889486934,0.0
3.879186486439795,10.67585618809628,0.8974461534453333,9.728929561553347,-6.301254019686977,0.0
-9.05329961864831,-6.083274650905805,5.559126559996575,10.975725591495,-0.6848954264540836,0.0
-7.49877299377473,-6.549299707007087,4.838862789908812,1.10945536296647,-0.7883374068391609,1.0
-0.9706541284761387,-6.433787292891534,6.310901780174553,-0.6191849984507201,9.341889811152189,1.0
-2.954797820616692,2.491938625674056,7.988241580378293,3.8061609144249733,-11.579026122788047,0.0
-0.9464364923892914,-1.6566507281061176,6.132970733938433,2.252313971130546,-0.3616203190479217,1.0
-11.390373787544348,11.057550185601675,-0.5069787046822567,-4.79018174527694,-14.491423122240725,0.0
-2.378742371998581,11.602581230543937,1.0111597704607735,2.9070035063261237,-10.656541852917883,0.0
-6.164865743881185,-4.590267814054945,10.787810836685887,4.935156828908202,0.16174902241123812,1.0
-2.473881829911868,5.712680430831086,8.134020937240775,4.078034405887681,-4.419532951187273,0.0
-9.687898324929073,-11.603776841206672,10.80284211096763,7.8895116180263996,2.798727949111863,1.0
-3.1591810417007737,-6.7305973389532046,8.657614896975712,0.3266888385139819,6.011757132265686,1.0
0.6114014622080255,12.156013674519722,4.578644971993528,-2.5131021734884254,-6.500604400182638,0.0
-6.373585962170796,11.049547563820997,-0.21840483647832887,-4.924921140003921,-10.013213314101096,0.0
-11.728828191449319,-8.285651169266309,4.191946534583668,4.492619829741773,-10.111681758601046,1.0
-4.936015362198267,9.423656825129934,16.213171669595646,-7.363156279018009,-3.448326239278703,0.0
2.348657131719027,12.24116587612406,11.483036623889845,-2.8514476189597904,-3.4493698911590736,0.0
-1.2708203121235924,2.7618758534502863,8.30418021061824,-2.498041213815826,-3.5833510693464667,1.0
-11.251857489243655,15.535987342589085,-3.67258110395027,7.135900705649019,-1.2461015070133534,0.0
-0.8956048213623027,4.878131410436707,7.236611407433963,9.636864248953621,-7.423427933435558,0.0
-5.753789007038199,-5.374713981051713,0.9768704327652076,10.534873525512204,5.173095538034919,1.0
-3.021128707097641,-7.057063813105593,13.631119178176283,-1.3136451890233514,0.496607060302114,1.0
-8.083435465927012,-8.79892683316237,5.695467654756185,1.2006242054372196,5.221918321291785,1.0
-12.89085722365639,-10.816731315417329,8.910789221749578,0.3579982129516195,3.6945172614211677,1.0
-2.779318659498524,-9.161770781798603,7.68789340557628,2.388285189872648,3.410236611929609,1.0
-14.543612392725601,-9.819731013575694,8.83202296000738,2.899981382757165,-5.05751636148282,1.0
-5.919118863041743,4.0061860787237435,3.2343773717983266,10.961602318188344,-3.675412884816221,0.0
0.3862677869367763,-9.2294810519286,-1.8859659492905845,6.482638233522779,1.2119899671428698,1.0
-9.903755466923393,9.9310857270941,4.563329590363123,4.869627181946174,-6.281725349080504,0.0
-1.7545638303670792,-12.107819698263892,7.4600898147558965,1.7854467221419958,-3.7494322608097272,1.0
-3.038939394573428,22.236002863283495,-2.8749728057476647,3.2418679914135993,-4.541161332324104,0.0
0.7249215425209536,-13.582910360760197,16.06033890507649,6.6832580561661,2.9786751198261787,1.0
-0.054322864861493514,12.688675058447409,7.954285179565165,7.840538971367357,-5.9745193976327355,0.0
-0.9062952838912581,-4.365091818766649,0.45922565809338334,3.779699736625184,-5.729674690953143,1.0
-6.009801697748616,14.989519272822534,-2.9760556876907724,-0.8214395524172096,-4.993567815828666,0.0
-8.963236121353258,-9.153942822192251,9.302517159047438,3.3400542946381004,10.581930525661495,1.0
1.0677089541534701,12.605214756737993,6.832257530276738,2.0712529724106816,-3.5153210113171705,0.0
-11.022115644241953,14.16006431482654,7.002866248293317,3.2533183555101104,-1.9661722714237007,0.0
-0.23690545203479108,-7.27240538731111,4.291005974420004,4.301821210717689,1.86600000482595,1.0
-13.906058827293823,-9.100350009523357,15.844050496776159,8.256758812537772,3.8514315090907503,1.0
-6.226659470954035,-9.545956523470752,4.944545695474197,-2.108259723708535,0.7263810574234224,1.0
-7.369685825490467,2.523845845598398,11.768708526898163,4.891022339886241,-2.2200705267707708,1.0
-12.533186267963579,-5.724771637134667,10.471170836607758,-1.9992785634357864,8.638228709733907,1.0
3.4358850324850083,16.116807368147597,1.7861473674807202,-2.1886081815804115,-4.52254940921925,0.0
3.4440337508789565,13.76205680540494,-2.784611006021416,-10.796435990569043,-2.2080276349549015,0.0
-4.089412020683415,-21.486128145107525,5.840485620149711,3.2289099094480807,-1.5936188621766263,1.0
-11.84188070841805,8.600882698984826,4.031141294311683,9.540418400151387,-3.725568768377382,0.0
-2.200798373812892,11.158368629851186,8.10540687254382,2.855377460326858,-8.71476638656788,0.0
-5.96760444027988,-12.188903758907175,13.1821124890795,-3.8585664479097277,6.599253041354502,1.0
-8.564278621865032,5.755105589187526,4.876872192810171,-2.32889714247903,-8.802404912300396,0.0
10.389349065218841,4.9959132883496675,12.83546286344844,10.361673754322936,-9.647568399691243,0.0
-6.186847336001583,15.194752004250509,10.096429439199447,5.018860288476617,-12.341191014514166,0.0
2.71160676229261,12.423743576329878,13.87341546490827,4.892810610570551,-8.676087645086568,0.0
-0.29010048232160823,12.887456395345005,0.005226478337686302,1.6755429036317315,-23.085963891496633,0.0
-9.96831797794443,-16.513528994297808,-2.0765272540401156,5.585860379170832,-5.2542994843720106,1.0
-2.2305730616092774,14.485243720553065,-3.8224443123459952,9.6209212812438,-7.669666684046217,0.0
-7.616135986703933,-6.014115963635398,15.502511946177778,0.9170879171789228,4.508300569211256,1.0
-1.7504076618090483,4.8385716200482065,15.087572444701967,-6.065135451649562,-5.955924296672648,0.0
-5.778029316296849,6.035979657980861,11.512069302082189,-8.705201385952746,8.8091154771487,0.0
-0.8938012574726049,7.752518617566883,3.180822491650381,-5.842784359542553,-2.464078305415475,0.0
-4.3664019530317075,1.9767276546092152,0.7507953982737248,-3.579709543388412,1.881725025966844,0.0
-7.220726719115712,-7.0184746023723195,17.789512576548425,-5.537116862951892,9.95835677242352,1.0
-13.503227406153158,11.214358378464983,2.1296077144650454,-3.1329944017128337,-3.3378449546545035,0.0
-2.8813647685529817,12.117646615951712,5.528383840894371,-4.703552109609774,-4.978637936121454,0.0
-2.070173647916741,-10.02338760669915,11.073024112617256,3.4186394259468056,-0.5931020925152515,1.0
-7.188930592576591,-6.441120166205691,11.696108286161316,-1.22652589937716,-1.8545527210248132,1.0
7.874542294751454,10.92396338935609,6.79008707218345,7.124586954099943,-5.685681396018703,0.0
1.291082195395263,9.426484892870837,-2.6478786610965512,0.42712429869141477,-10.640409219104185,0.0
-2.338435535612627,3.578056433884308,-0.7892468081978254,5.370036098723249,-12.623597366944551,0.0
-1.1121578766913194,-1.9065807703217938,5.8126199805855965,-10.993385204272318,2.3548987460844564,1.0
-4.2750290871061924,10.706705345506776,3.1628717855329542,2.8154745652888034,-0.2916395131114715,0.0
-1.1823319131486008,-10.775137579400067,1.8304207896096418,9.124821671219491,3.594048326510203,1.0
-4.110934164024351,11.135115860207904,7.254056276405599,-0.8953303357521629,-7.001400152456184,0.0
-10.330405681608006,17.10034900304144,5.161658523844166,-2.5207505576749085,-13.53119531984622,0.0
-1.1042382843775869,5.900788529095353,3.5992675844417255,-0.49183498935343195,-9.826450975872328,0.0
-3.172366354965618,4.141639604845114,10.175282182662965,1.3712638641727408,-17.742974921221453,0.0
-1.3997600558889545,-6.711721214985459,-0.4011638178850898,-0.6742248374521762,6.093364825161213,1.0
-6.494327112187363,-11.807384796979536,6.495365863910542,2.415185383459925,-6.482218916153151,1.0
-6.342887721571484,-6.901470353471061,8.939450327789732,8.441384534131982,10.636379480005688,1.0
0.5437311033663654,11.81323836785352,10.043782464001211,6.142780456685252,-4.5837267950090865,0.0
-11.064713112257346,-9.540203051162692,8.861586256444685,-0.600534833971079,10.92246495025663,1.0
-0.02048217759577886,12.343907388470628,6.74781188930038,6.167872186288793,-9.965893123885886,0.0
-11.900382577485999,-9.315648992081375,-1.5577087518335553,1.6193014883803714,-0.00382872908288423,1.0
-11.791579764549343,-8.543406648688023,9.557885419512193,0.3095542305753507,5.0137704109037635,1.0
2.3380883795809337,11.150257937556745,1.408742287009086,10.849724146988292,-12.847811349933671,0.0
-2.4052290846757107,5.374271422052649,3.7253966307039006,8.847551779681655,-10.109448086773947,0.0
-2.9894971216759996,14.760652759626701,1.1239967105986644,1.7982272314559236,1.9743759870262796,0.0
-1.3129633024970024,19.38469947694819,0.04295587829598446,-10.678267929790916,-8.309648300551824,0.0
-4.878394358407331,8.942024773806926,7.371300076246599,2.005281032995421,-9.061556643784114,0.0
-1.1963909780431252,9.982235685036043,8.894368647067962,1.2863107419437487,-4.927302941506822,0.0
5.677673164646171,-18.038716479164776,7.162119860251352,5.225014910238043,4.776842564201814,1.0
-9.568338382175028,-5.5613086073848255,1.9725651010270449,10.617503299073281,-0.32021173703939976,1.0
-2.2625665130391033,-14.091444365775017,11.667385418452557,-3.909381900685096,7.100730996609585,1.0
-5.277444149788661,3.0248966652540794,14.463504500810048,2.149487443799375,-10.378254731114199,0.0
-9.46857245762202,-9.278783976781376,18.173205855901415,-5.096112949555439,-5.097762101952384,1.0
-4.827359166637864,-9.993675143924412,14.289429205173231,6.219045806022186,8.525573310949081,1.0
-5.95513671350059,17.69410514402457,5.62943275354134,-1.2839203341315097,-9.299056361422878,0.0
-7.12525629746613,-9.640128161860165,8.977779438576592,9.277307425520856,8.558536761607925,1.0
-4.00975348880594,-1.8403545309070433,0.6128841730731276,-4.806820542213019,3.4166050070844243,1.0
-10.242537573307628,-7.721973577034706,-1.3875855476776735,-0.7079087592194302,-1.2991544458219266,1.0
-5.895006180613309,13.889884795287077,3.9045919287174082,-2.1543163000218257,-8.486556399416237,0.0
-7.0551476433071265,-12.893332074780234,1.7532906646887367,3.3156059741411164,5.22515043520921,1.0
-5.537275321737071,18.144334695933004,8.029508192924446,-0.4663873567877812,3.9069138751762473,0.0
-8.091819822796046,15.193344228233014,3.8603879465447637,-0.7682667985122729,-6.079536061887332,0.0
2.9197340016439854,9.504201895552798,6.180131533748613,0.014926846831776475,-5.533992484925733,0.0
-11.008378007286657,-8.091510345280065,9.14422439577201,2.0581925694038854,-6.270936735934514,1.0
-10.614726018626785,-3.8874965618395656,6.237867540767691,4.654983653225711,1.7743980249569065,1.0
4.604543057446951,13.645363139406284,9.466866259183956,8.153823292971822,-6.436339236344083,0.0
2.155873624913479,-17.251621227249437,2.2033799610668057,0.6232485229791451,-0.6612374186300478,1.0
-10.35311143909167,-14.610141097800932,-1.435621118259892,0.07268170206694924,4.951719005521568,1.0
1.2071228470608246,9.868613318838031,3.7199621544647057,2.0653393492676977,-5.141718664342915,0.0
-1.9482270637462609,-12.398193892930625,-0.390493175715795,1.2191446372367039,1.7405817996772237,1.0
-5.566786638012491,1.98098064395721,0.023712605673580356,-4.785253344140936,-11.758993456037935,0.0
-16.061908512127935,-11.002197174577955,11.292615251217782,0.5354198386486435,2.9295345433481685,1.0
-8.698275117186995,19.679453001479654,-5.120560161384407,1.2142442087628154,-3.9380411587283874,0.0
1.0832403981384733,-8.74160740257724,1.378705817823894,1.7728994642235871,-1.069153869391612,1.0
-7.540956371497806,-8.476932929714566,-0.1775863917359768,-1.871884979237998,10.916816017986605,1.0
-5.1393718363906515,-1.7524284711579003,10.125642394996579,-0.42101759610128875,-11.193506011366873,0.0
-1.4666543238405803,-11.193951015725403,6.855341971802849,8.651283472575127,-2.2743662870003405,1.0
3.112569176299763,7.343899973298619,7.462908465696103,-3.125152009519846,-6.997387945522461,0.0
-5.381871154089206,-4.176153401862674,5.248021470681856,5.525803295467094,18.234723778283673,1.0
-5.570381295591502,3.5885334954093313,0.5128261863333261,16.718641810484357,-0.6562292874673368,0.0
-7.797752267832252,13.127010688714266,-1.4643394136270098,3.0174876589645088,-16.677977810550146,0.0
-6.090238032018688,-15.197922762199624,8.380505752851997,7.335586688801808,2.283283227093231,1.0
-7.13113267848467,4.265637698513865,1.7636877866278855,9.343186428626364,9.145745423249949,1.0
-4.659117956822588,-3.3317129679571993,9.656249472749337,8.753429015877916,6.772704736009802,1.0
-1.7731931161289545,1.603886107713615,-0.6063936456910888,-7.3773216908310495,13.51627743277982,1.0
-2.9600956967222065,-9.779634432067542,13.289087644753842,7.129877198773495,8.756025829212556,1.0
-11.592899622235329,-0.764433803086753,5.713382143038411,8.649460780339568,-2.8726234915667828,1.0
-6.154790863479039,-4.872449315542624,6.7132372548923165,-0.26694169604827067,3.364640395191376,1.0
-6.145433101342507,-11.448985606735972,22.70782476640122,8.82287973576574,-2.0612609445027053,1.0
0.7870307191092749,13.702136816331112,-3.397920485616769,-1.840454208890339,-10.725338940087761,0.0
-4.57652342866913,10.315688661112752,-0.17891579482495334,-2.812584890534483,-5.160687783401843,0.0
-4.294343627085797,13.466201945797252,7.515903916760933,4.476498290846781,-6.63075875524647,0.0
0.38047890263685513,-8.76758143180722,4.341465875654305,0.5263913727270033,8.206047902884507,1.0
3.0393015867283655,11.063379412840884,3.433590563135389,5.3360381899543885,2.6197824833248085,0.0
-5.095245796941316,-8.431935646355017,7.134057506914549,13.96416019921637,10.082734781901774,1.0
-3.4547995769379174,13.622536687820618,4.00213323434043,9.528944335177469,-14.135505641409065,0.0
1.5477851494052102,3.27296968443523,8.733767055002405,9.662829276003496,-12.49235122237334,0.0
2.110937472981755,8.089775445983376,2.026263733632904,7.218215813125179,-10.401345643865067,0.0
-1.4392980693816402,8.452645879744173,3.5350308385619864,5.044003184157858,-3.092088640914745,0.0
0.5491838211515891,14.169283740678075,9.296279431809094,-2.222917932172461,-8.425689070407342,0.0
-1.7272066651556601,-12.127500525896696,11.596149050831782,-3.4373692671123894,8.612689060103452,1.0
-4.512750098099804,-10.176533211129978,11.557376791581172,-8.613836866893301,3.665980054714564,1.0
-2.709987376274467,1.860410617608081,5.280400910782047,-1.4320886034336722,-2.67640944620765,0.0
-8.959002121758019,2.5388922678802412,2.96095533977746,10.318277310387696,-8.177583947969294,0.0
-5.644032911991587,18.076528918182966,8.17863851350548,-0.8391641955306062,-3.7175884958736654,0.0
-14.594117169324177,-12.002102906061205,10.305728603407466,-1.14912900358284,2.981601619866051,1.0
-16.176793451576234,-8.61087037498225,10.115205031557231,11.30553741767395,1.752621700453533,1.0
-6.62412008387052,-11.34724872069367,0.46119517607819915,3.6371727529525164,3.856431696643991,1.0
-4.610131708532037,7.605363083895785,-2.082373718943284,-2.620090048480259,-11.900331024911608,0.0
-6.51670697162924,-10.895793479446912,6.877352144391459,1.8344470099667693,-4.494554961303718,1.0
-5.497202065320703,-8.79554735251426,-0.5308843701308579,8.800164913415916,1.1071633568955797,1.0
-5.8499180507477195,18.380775009286047,10.040119164801343,-0.2634397943530238,-0.4745453824757053,0.0
-6.876695498488534,-4.927677748978715,3.3690260071609375,-1.8769644962440184,9.571375602170619,1.0
-3.485453142979555,-9.523305203848302,4.72654105636807,0.3177608481337766,6.303035017797097,1.0
-2.5729269651119218,-7.581744515445498,6.167018200850206,-0.8597976468100437,11.516625010006429,1.0
2.6406064648530556,7.3404094676656175,2.621636520018118,-2.8024432128060326,-4.761631863183965,0.0
-5.709987321510207,-10.080970847008256,13.326181207868066,2.7240995841044104,-5.673896962014853,1.0
-6.389771895581224,-2.3589688473209387,3.7293609774550514,5.747326799250581,3.1879650753375004,1.0
-7.55259351528461,-7.169027923793337,14.48035682465462,7.431133873228319,-2.399644411236123,1.0
-4.206022911546396,-2.693425244190701,4.136984180354729,4.314233752621597,-6.273683537089434,1.0
-4.9320387064214275,-13.179791416017842,9.99666834611088,-11.156438460220214,4.178329088906714,1.0
-10.137479195903225,15.327206645334233,1.8805881067658676,14.764166112281993,-9.700865184438213,0.0
-6.077661473408546,2.2243274403501996,5.52332657171379,-1.61808525441243,6.0281943544778995,1.0
2.2429215678775014,6.129767849886306,0.14780547948631195,4.432765541473261,-13.48079322625448,0.0
1.279174902169597,-12.503492734255957,16.413832528287827,5.898077705038091,6.926651985182701,1.0
-8.583103127825254,-6.337612591066591,0.5388450670008265,3.1380655086026605,6.920881415031679,1.0
-8.534055714913734,-12.739323402223324,13.976397435693904,-3.961642997267382,8.629940002866462,1.0
-1.4609005466796212,6.556105200038084,8.675491819414653,-2.894561314581611,-4.497838344370174,0.0
-15.983126096018532,-7.4880409646789,-2.237751961600182,1.6791300044368325,-2.6801236382431437,1.0
-7.814590384085871,-16.990693975211713,13.353495498232784,5.909336998686731,6.494806465751314,1.0
-15.320865917029302,8.059147315197476,16.702955944292682,5.896191123430851,-6.975929089823243,0.0
-5.100548714420987,4.971818113732383,2.1310936183054188,6.550180272451103,-5.235871642852848,0.0
-13.075373105909158,1.6408897524097856,15.295734874244687,5.41703517367534,0.0994398112338084,1.0
0.10051020503173813,10.499209494364251,5.892343087957484,3.7054107314256104,-10.279750799043724,0.0
-2.7477544037626496,8.996273432745479,-1.1519446097346124,9.490161192776485,-2.4928157382729133,0.0
-11.279181360786218,1.096977801861195,4.668668426438881,0.3466113290069168,5.873140728369016,1.0
8.43981704303561,4.972794701422564,0.441269625324221,-1.0237935432793788,-17.499105812700307,0.0
-10.321926907485462,6.369022741466848,8.611202234337238,-4.298277431905515,-5.411837530318124,0.0
-12.042729110913644,-6.8486925069019655,16.370054664164254,0.9320707579023064,-0.07671808717451523,1.0
2.870838069940241,9.120844371558032,14.145832264993139,1.669865614867628,-10.421661025703584,0.0
-9.841889371536215,-8.2205892768581,17.094310084250132,-0.5064332864455077,-1.1330863793620933,1.0
-14.937946388790087,-10.15162535821685,5.641588188443022,6.823824216271527,6.473869676255179,1.0
-9.321478805533669,-5.6716936262798185,7.436677178883049,-5.005515034417257,-0.763514073164167,1.0
-4.589269019332454,-13.736933880220043,1.556860899469978,-6.414421500689375,-4.808010933418542,1.0
0.8223648814933093,11.327242592468078,-3.9891548077248817,-1.4146535777375435,-0.9090801759144078,0.0
-11.104816786243429,-16.333407558928016,6.864299093823927,1.5851235909782702,6.9030496936934025,1.0
-6.0827970592553005,-13.30226533409543,9.891595236654185,2.195868978626985,-5.68106951126936,1.0
-1.8931735891303219,11.77171300840066,4.85789106809037,10.448424886094497,-9.99287399982353,0.0
-4.046250962355049,-12.125190526609632,7.078697761206452,5.579353132191651,19.726002561140113,1.0
0.5676397970125171,4.337092617975345,10.069789417103262,-0.7066475416295082,-2.8393381997455442,0.0
5.46332769307211,4.779479386606683,-0.31708291105343456,-8.793780884077842,-10.074435929598781,0.0
-4.162712699925482,-7.839275588042443,8.643623322167054,8.384067735398014,7.8239120698199205,1.0
-6.403388596069406,-10.155568837047255,10.719236792689681,0.5120727374148546,2.514212624185452,1.0
-9.236688199031537,-5.246240639277806,6.534787999341277,-1.1860338657877358,12.488211144038564,1.0
-4.074487775668522,9.010743155315092,-1.6121598336204865,4.995746315717566,-2.467961879534224,0.0
-3.2071457638286187,14.555200211885904,-0.5596507993995532,5.03703920925358,-12.146705007019552,0.0
-7.864466021297995,12.415366655450569,10.602416398617976,-6.919768236091851,-5.281368061556384,0.0
-4.544379187686653,12.445878412981825,5.169351101804272,4.895234586303153,3.002575731426157,0.0
-3.8324817892425305,22.615131961146417,7.768215575053132,-2.312618098140681,-12.234089681456831,0.0
-8.490230743456104,13.076915240169312,11.421078979082216,1.6131190760390628,-1.8619627016911497,0.0
3.4277326347710053,21.96210433829139,7.53804470229598,3.602151266851564,-5.90770568326459,0.0
-0.8528804660349305,13.892011763810117,2.2440076470016517,1.0448748006216464,-12.411302061181411,0.0
-2.8298893560177127,10.658098179715724,6.246664913479467,4.082773455117156,1.1889291541419649,0.0
7.803426973162975,3.676621556926957,4.760976119591891,9.034272461017878,-7.277834147379846,0.0
4.325173714169873,17.23912469570474,3.3946986384462097,4.855954499219564,-5.32337641843359,0.0
-9.42914305923036,-8.666122698106804,-5.118113851566244,-1.268941826805066,6.428995118693246,1.0
4.873504125576729,15.914742898935579,1.5120653286804542,3.952187351127777,-4.409476259737576,0.0
-2.822163262550362,5.244463183864941,3.2365034518942313,-6.491614387036195,-7.37132532512502,0.0
-8.74170485796556,-6.651761821441207,8.249400599648274,4.149524555785037,5.27290083492518,1.0
-3.0961661933410367,-5.775983786567998,2.240107272616217,0.8018978664931691,3.964915117782753,1.0
4.954245221744858,7.658668122985477,4.533042364485921,-1.762888711798385,-19.00082849251598,0.0
-3.2207560718344688,-7.163037611215422,8.904302701412595,4.368638183906807,-3.5164090601146203,1.0
-9.894212872195755,-6.677013003465233,9.673743852339713,-1.5158292392459547,0.6005822350406911,1.0
-5.842092836272817,-7.299944489630441,1.8459259712708915,-2.381470213149475,13.155076647677468,1.0
-1.7451782766772856,-3.308825634849466,4.503785475207486,-2.0587859878456483,4.552166870769146,1.0
6.318073578352734,11.0391946830031,-1.6645409354471248,6.562479419214612,3.7311537939118953,0.0
-3.6638702740961397,12.495317952265413,13.884659310954827,7.605994831679519,-8.224070643925423,0.0
0.5704804116685684,11.97979241804024,3.09214663965815,3.6038347951513217,-13.135195073077785,0.0
0.2641789457918904,-16.208988416846537,4.393884548909927,3.6678341284148237,10.425664728058328,1.0
-15.244579099833818,-6.8172634302493496,10.9028866389535,3.15747262918862,2.541110679876058,1.0
-8.818609175318752,-10.906406084784225,4.935295002478677,-4.253376625002799,3.5231781483299582,1.0
2.737119380848819,-12.711402606728921,-1.1223922743376047,-0.33401846864842266,-5.7159873001647785,1.0
-6.946658512063251,6.8269946265812695,8.251785625366958,0.10900392348189714,1.7551920650157555,0.0
-13.34323632903726,-11.499170572271957,4.286750749437646,1.6361950087489479,6.2906698490700546,1.0
-1.7624563723492237,-7.9618938619663915,0.6398957211190499,-0.036816609954110735,4.821091389780694,1.0
-14.09813090412477,-11.2528769539386,6.909947796016237,3.2377588731676696,8.917982777418326,1.0
-5.74388151158062,12.505402696266271,6.60730576333685,6.4491357840793935,-3.7037681827414226,0.0
0.2798539087065608,9.066049227415224,-1.9193023255226969,-3.352398631436131,-8.405750712924608,0.0
-7.630131744698775,18.284748959869262,10.745047313854865,4.8836582012838115,-8.012047685400429,0.0
3.387288297266382,9.351878535248867,14.943618460638037,10.749873896156753,-8.124447933546637,0.0
-6.505157656304018,6.60056851728816,-0.12676420506546027,2.5865212639147095,1.2437651011965336,0.0
1.4426618572058065,10.714542601042774,7.492943822325756,6.814092986605037,-8.536169107067884,0.0
-19.370414680740645,-7.8360295995673654,10.368049696771863,3.3326342802978033,-5.586357032850927,1.0
3.056270402878093,-4.281514145762402,7.852291871856105,8.340833623137518,-0.07012833140777008,1.0
-4.640985604080466,14.756514674182096,5.206230888916924,-5.218220207646102,-2.2834825182752523,0.0
-10.037998239102603,-7.572501566446104,11.425242978560984,1.8542374113456106,6.435156116626581,1.0
-4.847703629612207,10.7468055368519,4.405275941832181,4.3583738200563396,-6.495517735849993,0.0
-9.868448009550232,-6.987268306927305,10.245093747675252,1.51992163200565,3.874498040913197,1.0
-10.419664296646324,-10.15206149506853,-0.6559469273718639,-1.672843055251989,7.423103246804308,1.0
-0.12584793978091913,-12.106723459823105,3.2916382699084537,2.4007749348896428,7.589400287412991,1.0
-8.91453581579782,-11.512111110857626,8.79838019404281,-5.463987991029047,10.566149439254547,1.0
10.499217947849225,11.841834356356042,-4.163934959550987,5.739877789463394,-4.973835266737382,0.0
-13.321647680593635,-7.374750345926744,8.051128904339906,-1.0483125901774053,4.866365053981209,1.0
-15.618292142417255,-6.6644774338515544,9.70067632813182,-1.955485104840236,6.283421245225972,1.0
-6.428025950984733,5.5615808666170246,0.058919258821888754,-2.185941357211492,-7.215518641398046,0.0
-9.454022967849657,-7.620676735704287,7.021504269514161,7.661201488033669,4.592005897215798,1.0
-4.450081715758894,9.86636724007576,5.442748741477424,1.9883997847078043,-4.6949363424195205,0.0
-13.657347108837392,-12.383432544788462,17.089818603131544,-0.607098144611844,5.050202087261066,1.0
-0.4825162444751525,-19.922421953406335,9.837246952952777,-10.444053866786213,-0.6668724616951316,1.0
-1.881315355695039,8.148927006778974,4.7177740741354395,-3.508205750535277,-14.079881604122741,0.0
0.44407653040879635,14.55780403111286,8.742289742214922,4.50953983947722,-1.5462537432055008,0.0
-6.182155507042996,4.963023943126417,5.6427248223828155,7.716356431084308,-11.958736286043255,0.0
7.989411322779827,7.779157624468338,2.8481780761219904,-1.2645393442350636,-3.1586673336515863,0.0
2.0724407504596574,10.746728507688285,9.629929385526363,-12.508107207027715,3.562246332752368,0.0
4.698645480236752,-3.343936372438126,0.6554025588757173,4.858530319843432,-7.894854121366233,0.0
-6.085716169352591,12.4122748728717,0.9880456776424182,3.0554626318506064,-6.651767991632201,0.0
-5.603190814904361,-13.31505936845113,5.2830187196975995,-2.95677673908697,7.417132765039194,1.0
-4.357693311360862,-16.653499289492277,1.4262245929598016,9.197737230975353,2.4249401111316944,1.0
-12.776955201439034,-7.977055824580823,10.68117877414397,9.662457031803338,8.598971392991206,1.0
-8.892940502154296,3.6090034261570096,9.905643102892618,1.7753939146574569,-3.472123704288148,0.0
-10.02491238864328,7.7855708077686,3.2762609874897493,-11.511263530767126,-7.151101523740331,0.0
-10.57277697900101,6.6546267992511545,10.084631821064932,2.2945697794180457,-12.2683510807978,0.0
-12.826271918661593,-3.568398900721629,10.183554307001067,-1.5013419431902433,-3.5264724263249683,1.0
-8.203363211956596,14.209845065299664,4.261057403550802,5.3255727701467945,-12.238913356352047,0.0
-11.207766516943249,7.202081421182661,-0.9584706369026179,-4.500237694663797,-1.0754932542586726,0.0
-10.556626896685708,-5.230931137849295,2.072819217487975,5.809775981551603,11.014132275904476,1.0
-4.378907246093098,-11.506329288831845,13.427629409563941,-2.361568671195048,12.721652976010372,1.0
-0.8408870966180086,14.201985849487818,2.0897968419543664,0.6237950074738756,-11.773445770062807,0.0
-5.917124999619421,3.122220419733953,-3.1732584065964247,5.438415308808215,3.5874403121255907,1.0
-11.5136011375125,-8.995523608509892,3.0813797445446305,4.887939301070176,-4.7678809037496475,1.0
-4.806245139331992,-0.8166322150930281,5.898051630288633,2.715526153414598,-1.2691799399861399,1.0
-12.278791199655188,-18.947320956445747,6.817119321991039,-0.9698876680410589,-0.6714878990056672,1.0
-11.863157228182029,7.256718707991778,4.73197073217586,10.355356245317145,-5.244990322330457,0.0
1.9654242616694564,7.539537736738183,10.878589199596771,-1.3942834372786104,-5.48465638003226,0.0
-0.8034377489695308,10.397740124848417,8.77579508140822,2.038179143330267,0.3880431946353138,0.0
-2.458032317954815,4.106742872958566,6.950396207544455,2.968468161808082,-9.880711576945243,0.0
-13.852584937572255,-3.5688699951565948,1.350908216668528,3.4513166688378405,-0.06431823620988553,1.0
1.336781185746723,-7.035088299457035,3.006054890674033,1.8662827901687558,4.251535916143141,1.0
3.769583004814854,4.541249617100802,3.7055206154213063,-0.22548560743014257,0.35526223061739426,0.0
0.3437957199130466,5.197990345485737,-4.384531667094494,-6.164542505475081,-6.63920245784436,0.0
-7.541910449450956,14.713678933843548,11.225454172927428,1.3828270489853383,-17.488901686194243,0.0
-1.526423740494877,14.173508825541496,-2.787923028956758,3.308421013287026,-2.431473213034085,0.0
-9.683147777512497,-23.48557120664735,17.588383038007017,7.466148505947536,2.2799479312959283,1.0
-8.488612933228673,11.237299469299025,10.623036269456357,-1.075744837656179,-7.549713024515858,0.0
-2.2181540308227508,3.299434639045206,6.428815637969517,4.777092315781903,-1.4643709752748855,0.0
-7.121248545545263,17.09116457554553,3.028276490171402,8.058962288068214,0.7269530684609862,0.0
-6.786014344572955,-14.696599493223818,15.80213730455303,11.508743708729734,4.944920197153532,1.0
-18.831631430623137,-10.899431481758361,11.890891575585737,4.7104497496135735,6.30238279497379,1.0
0.2953996166534436,7.53688453805252,8.12465085878178,0.30407223516068216,-1.014004003218064,0.0
-12.828442888727754,-11.96005470520213,6.400896127219456,-1.001423087826888,-6.866378729574437,1.0
-8.808472748165187,-6.6658145261794814,8.524552135229818,8.287964358705393,8.11105016682517,1.0
-4.027573551503367,-11.741569269405765,4.266596678555562,1.5575792017962342,2.9639419458121603,1.0
-5.767199361081836,19.73400657482495,7.809473947818157,-8.152543249347303,-5.947355617304132,0.0
-9.325067646016802,9.9628169662503,1.329967947245056,4.102605714905911,-6.7838883040725095,0.0
-5.628042426531776,18.584442897532252,3.6864668324113685,3.060334049839346,-2.529288537707499,0.0
-7.79586194854242,-10.621693427535366,13.226727477759425,-1.114266994892339,4.387565100920821,1.0
-9.292106646169774,11.346436040365953,4.4616714247406835,-6.102489395586815,-1.0559304188654135,0.0
-5.735127630979245,-18.127835013627447,10.339760418355672,3.513092564816804,7.354752399136421,1.0
-1.295940715626175,-7.906246907915778,3.6653642209560626,11.474503660643089,4.407993213522022,1.0
-15.764046665017808,14.47182038781063,10.870304798716248,-8.393781478100015,-8.593065161553014,0.0
-3.090500343657849,-5.41078906268499,16.56656708198076,1.1444805073680981,7.504725579710442,1.0
-1.1106059219972106,-18.187036255113114,5.380919039583657,2.9744196844894644,6.40754516234608,1.0
-13.635481424316053,-15.45061754035386,9.73285322409116,4.75862422175401,6.905870732507731,1.0
-7.363227943350395,-10.918162396372804,2.594792612014798,5.063531193289018,-2.4242080438120155,1.0
-7.201030399720043,-13.891318856280577,4.74743094645749,9.673276229180932,7.486087367429613,1.0
-1.535516649458876,8.920742345968835,2.697286570783672,7.593733283870799,-2.1419948805369806,0.0
-6.950604422809304,-9.151568867245118,8.52972415753235,2.444825963328489,8.15142430398209,1.0
1.0785136559270612,16.52607138867846,5.0103527383269775,10.116247411797191,-13.780134482225726,0.0
-12.741278360459146,-6.516478438903139,4.570763256956265,3.604091842544899,-0.2647918747002036,1.0
-1.4918794437166347,5.232532401776805,-2.4713897117602697,-1.259694737271901,-12.287367209223245,0.0
-9.802386052528139,-12.585116203749898,6.215839927580012,-3.862510328985665,13.264171095629987,1.0
-2.497831365761269,-16.645793868845306,14.8406220576437,0.37169976503192403,3.1031166462650246,1.0
-1.2058287939332146,6.262760358971221,1.2817619965378437,1.8453993289835056,-1.0159820948544471,0.0
2.0104765823782262,-2.80037604951087,-0.4087746873215865,5.068940988966721,3.407850157407223,0.0
-1.3402680640990117,1.2348078971801852,6.294279997300387,6.140814491985355,-16.84830540400855,0.0
5.378068775764622,8.537808466263561,6.034986465079798,5.012652232523428,-5.946581575369479,0.0
-9.124646590090242,17.224361928880167,9.688964282941273,-1.467582041947887,4.382551835570274,0.0
-0.2415261154828512,7.793502951745078,9.460314677669889,7.920522128563935,-13.017666266836233,0.0
-2.097777676675629,14.341688003525078,2.0534365857262404,9.019906884868632,4.61486342694498,0.0
8.84426666596923,9.923617403490798,5.880981767729782,-0.3236348137604885,-11.128849038475229,0.0
-8.704733001322253,1.6766597994361216,5.463683042410685,2.2276081932208225,-6.012918869299229,0.0
-10.361700641168635,4.066145445346634,9.343734776169182,-2.939267283750816,-8.002792941136393,0.0
-2.9999700240585696,-13.849412851269634,3.561346728733528,-5.311625718214209,1.6544408214927255,1.0
-6.589995919233971,-4.5961733456095875,-3.9109237544243225,-1.011201238962308,5.217870017318273,1.0
-8.224222186705168,17.1814437897038,-1.0918481288653386,3.486347010135898,-10.65100644124806,0.0
-7.208713128597074,13.161660337857064,3.6707481423640838,0.6505954773876783,-16.898939013185036,0.0
-10.520969098125025,-0.09764241103183302,12.523832015011582,-1.6765555850006608,-2.5116014786302543,1.0
-14.963676468016018,-9.985239415913346,6.080443646665317,5.15536842117953,4.3892709616304,1.0
-5.759027571821981,-5.2652788034529205,-2.926183477388687,7.817670559643664,2.480177862515549,1.0
-1.9666938794262405,-15.838681372551056,10.259834982819587,0.9941609666479374,4.5756144085114085,1.0
1.0630250469420321,-5.3613153838845165,1.618480366735012,1.464756099149457,0.13661915165810434,1.0
1.0104806945349756,-3.911079328559918,11.669295877983185,-0.2553973952551778,-0.2847525852207129,1.0
-3.0818968493158394,15.20336768806563,-3.332259457743734,-1.0237054308281324,-6.853408692560354,0.0
-8.029107746151915,-13.09535992793758,8.199580010041263,16.948595247881226,5.998859883292431,1.0
-5.548307558524913,15.499258861003867,4.52553852473369,-3.0233414775338217,-9.403501797292357,0.0
-3.415318489143265,5.767420936591192,11.246398997593161,9.071184706508918,-9.881745019844796,0.0
-5.287504569281574,-13.796811073837564,4.159121541074743,2.968941771326046,5.647672922821529,1.0
-13.865700518840903,-11.756324388366036,12.515417170595287,-5.574430142520036,-9.999326434631936,1.0
-9.5267701555178,-16.410679302539847,8.931488972194895,10.796965593100383,4.2534597098381,1.0
-16.63561891346907,-8.12038807411021,-1.7663732114370703,5.8208617122850175,3.689157983710895,1.0
-7.864718633260394,-11.161233147214102,7.545316903076738,-6.706236929434084,6.634979824796071,1.0
0.7182232826526267,19.830559744725623,3.100987661463097,3.068921322260427,-5.632708772597494,0.0
-7.634298151109423,-9.208065584677973,5.0652255347005894,2.997425155004809,0.3700412114829579,1.0
-6.348185448573393,8.840861691264415,5.810952498910705,9.725672148011117,-11.871397394845225,0.0
-8.447758024137936,-4.229320246749749,9.736962351544767,4.122772687123382,7.195704521999264,1.0
-5.471518918817221,8.882257343403687,6.040684630326135,-2.0748479156674984,-4.759321968830822,0.0
-6.020912894308291,-6.072071656712092,1.4455498873744448,-2.453048976518848,7.147592647187833,1.0
-2.7017399705562863,8.151149628494224,9.058178523661464,5.234784076007831,-14.761587976072517,0.0
-5.207996024599558,5.122762501186758,5.619105111716509,-2.918694204134428,-4.838363412578911,0.0
-10.14055403624125,-14.286492943347952,3.399713374860186,0.16975974191403065,-2.8663835399723014,1.0
-6.520583969160845,8.207857569868276,6.660133120300793,11.404099189993383,-6.006738126992075,0.0
-3.6047002670970714,13.161314034115767,-6.415797708811324,3.1512424744835617,-3.025301221716436,0.0
-4.932086972816007,-19.94043280131164,1.333690769412395,6.45769911709561,5.59532211783384,1.0
-4.09123987152676,15.079774628094238,5.348463404427625,13.569817383849204,-4.913037994179411,0.0
-2.0035473008860523,-6.260187314416228,12.215633475638878,4.6330129645338545,-1.3568975867309376,1.0
-4.591676663008187,-22.575851970262185,4.82487203474055,-0.60893904772293,11.103140446963149,1.0
-4.175567000470997,-4.457481920679847,3.9817969412646947,1.716921878102295,-1.130751612287355,1.0
-8.478822655048027,9.729001602016854,13.30245383365356,13.129670414903893,-3.6893716839474844,0.0
1.9749989562749093,7.67163288866916,0.1839177091516646,-8.785907322705793,-10.47539378736337,0.0
-8.422523535555046,3.295254675091602,9.488322042302183,-4.8657872689070105,1.3375815350661977,1.0
-2.6370691840127223,0.16890660375273114,1.1663131807828107,-0.07324250662478793,-9.500069180824234,0.0
-0.06232481691316005,2.903647083738594,8.204870987090041,0.7715426931500569,-8.753731228899257,0.0
-2.76371001488742,-7.709520141077238,7.41158917516699,-2.8545299015270738,10.678991215594705,1.0
-4.366187458799976,0.1434763579988072,10.85391748457436,0.8088938508040089,-0.970394482408552,1.0
-9.712082549349564,-4.680243825733992,8.370873333737567,-2.900370017545665,4.131678009857262,1.0
-0.9102879523400653,1.0493174605399753,6.842252526030096,1.874980689307326,-4.1171774190655315,0.0
-4.513072514713615,-7.383590934938583,12.112721071040042,-1.9321087236086516,4.3314920370616425,1.0
8.202154170006569,17.65200197870188,6.821497184598262,2.1631870747817334,-6.279470557559963,0.0
-5.905897891925257,-13.936804355180294,8.355331772125957,9.33327992845236,6.404630378493545,1.0
-1.0927582653220393,7.719761259677934,7.573347843604475,-0.40134859917189036,-2.5231407038650495,0.0
3.6822177341154285,9.12064401187863,6.18404389922292,10.484244407116922,-5.6758612937084285,0.0
-9.13590388532094,-6.079623757081409,13.32483166419285,-0.29350657556281945,2.1043185203408967,1.0
-7.631135829724199,7.75144537123252,-1.599037073596146,10.135226203598908,-14.030334080954432,0.0
0.7168803066975347,11.792308458215564,5.087782242504345,0.9864775824041015,-7.635993609418828,0.0
-0.004975248330465476,0.0089974574346261,1.9265098375579925,-1.9657490756004625,-9.98386518240685,0.0
-7.941154442781706,-13.597920056747189,7.710925508093016,3.311062935577929,-2.0473513214872128,1.0
-4.730663923433308,10.900788593422583,8.42482191945486,-2.637656936947395,-2.531597590622969,0.0
-4.948493004218147,-9.860683861566617,16.10090140707615,9.887398860938458,1.8324237103300947,1.0
4.477139133838033,-10.860314872555817,9.780670179099701,4.8711020208574105,5.138860213687363,1.0
-0.653468256196206,5.994360194619219,5.072827773592601,1.1947835069803348,-1.0407168828522337,0.0
1.5583505569504421,15.541680163969968,4.744898044391896,5.382934540415551,-8.43096097411855,0.0
-8.317347190277724,-7.401683234620964,7.095961688992492,-0.09888143212604206,1.3122869147271152,1.0
-3.8674731746830164,17.381546579691005,11.34218409517984,-4.524736500697256,-2.7309651017553973,0.0
-7.520134901960113,12.71840785529895,2.0738110038701754,0.8301701072406391,-11.85137406419383,0.0
-21.91827129174473,-5.982430725539967,8.541809034012275,-3.4287417991329736,-0.7662464476837405,1.0
-5.81812994689469,13.276452802179442,0.6772751440645983,1.3994874766062368,-4.354690796248985,0.0
-6.887288889976536,2.100287473376641,9.27076657388631,11.520252886291384,-13.872465060246977,0.0
-1.065729476653465,10.315895322054425,3.9683351288753625,6.027211049739643,-2.912183588390205,0.0
0.6655454737468061,-5.810296593479445,9.866564781665913,-0.12924636490903652,-3.258831768700767,1.0
2.611115006004562,11.976920874204236,8.53168421706129,-0.7827588977019353,-10.970621608262807,0.0
-0.7301067296801964,-13.661854885389584,15.465865689360312,0.6003769868316291,12.114361919010161,1.0
-5.722879980648085,-5.605880068007157,6.245184727760542,-2.3425052174043266,8.568489200538764,1.0
3.121053630808091,8.75731751025589,-4.225283504806306,8.28277718751069,-11.408288695464364,0.0
-14.532416641992832,-0.6901171010720173,5.46014499573883,0.808806495737767,-5.288599299993805,1.0
-3.5648488171912223,4.078388492442402,3.983594000766578,2.357429098734573,-8.003907100191663,0.0
-5.397224900624421,-2.5000702006961415,8.767162930547885,-3.763282858702179,-2.504190217968124,1.0
-8.746450822982517,-5.615735298409554,11.964751372220327,-0.4603584425456697,-1.60601057400301,1.0
-4.759775285683691,-8.641092515432312,0.1439752961560652,-4.55677884727336,5.56649780732994,1.0
-8.465715109065993,12.29705417136747,-0.23352951490850593,5.908592702652992,-1.08664929611425,0.0
-4.627092528963253,-18.18740945429683,1.5146036959368843,0.60660575114534,2.6571528202167776,1.0
2.7829248111951888,0.2205886960827499,-1.276413727100774,-8.22299120485977,-8.22666136337406,0.0
-5.715769156141455,-11.878358471322628,2.2511242819616335,-4.678060120755498,6.322535009717178,1.0
-12.340927756866396,-4.6645711250116,11.892381022426632,-5.7063486985894905,12.110646446824328,1.0
-11.803383517512259,-12.800944992212074,5.205530006857818,-4.805786786086571,-0.7091576751609328,1.0
1.2865781784604842,6.1317341245647246,-8.315332624496447,-0.7580525573216819,-4.920607164138538,0.0
-5.1371339939710445,-9.464199898551831,11.557933434923273,1.4461790721031877,2.236737113870503,1.0
-0.7340356717906946,-5.822854331891842,3.0708465217634835,14.448249818258633,5.485328110810807,1.0
3.2049164495223526,12.773951291632192,8.595038571443336,-2.573767590032963,0.13434436352922585,0.0
-5.758411309385534,-4.318239982829438,5.836111911129453,8.582218927733908,5.765380185584329,1.0
-0.9133250709568479,15.716538358314043,-4.735983512000621,2.548300079677818,-7.680291168984472,0.0
-9.55150410487055,1.2311402605788029,7.6699285929563,-4.428977078540683,1.8943437187705534,0.0
-11.040416117525229,-11.588904171318704,6.588395798344453,6.225972645511922,5.200464092687476,1.0
-5.537772238069442,12.724762988244857,6.136341738260561,8.481876130934722,0.9279287924829935,0.0
-10.592530755967868,-11.264856933475352,13.477895481272377,10.447371628406723,6.975855856792682,1.0
-5.300706392782903,3.513514963339847,6.837384989329234,5.867852201501302,-4.590762860391841,0.0
-15.81198692004938,-11.948501784407917,10.237210831368024,4.506668187402161,9.51030883084016,1.0
-1.5037023894779127,14.267558108236383,10.16750850101802,7.908321211742633,-3.685976081005347,0.0
-6.482120281395765,-6.068038901056474,3.015007564217412,2.1724576306845864,-6.600466167124992,1.0
-6.9631613049054915,-9.3674215441245,5.05534097754029,10.653432963042338,-0.2751957383579473,1.0
-11.772607322608978,4.937760961963498,5.795469844729686,5.677095116745257,0.9081524190789905,1.0
-6.705245959747782,3.7902401580931535,-5.191904110651908,12.254205333642343,-12.395669019759685,0.0
0.5945815439902331,-8.631699595282917,9.538533567735579,6.7800490877343895,-0.9443607318805922,1.0
-2.032264464511412,-7.204050753583823,0.3770292644437516,1.0438075791296684,9.461900255464236,1.0
-3.2064290014577477,6.763339803941264,4.642518630511088,4.979203428586306,-14.09890127181898,0.0
-12.918844662471361,17.496567969648513,5.694966172241194,1.4896041245887701,-9.60422262519602,0.0
-8.041827166761102,21.881085144447624,4.935971006300543,2.042816143505463,-7.000252626701286,0.0
-10.018779123698476,-10.278522126246392,14.416179641238886,-10.416743047811222,10.546278486361848,1.0
-1.289431633510249,7.898274855024296,12.089196029238511,-6.031350208441847,-11.0221123150525,0.0
-5.5902296871700425,-3.318941040054722,9.69936164797561,2.0102810302699066,1.215093296974378,1.0
-0.6727610560460471,18.205204512173935,3.5225489243688406,0.22658570334974448,-6.976725220589933,0.0
-6.7617998940992505,6.111668879174708,7.582770858331149,10.322692205697763,-4.906269542036364,0.0
-10.9263885841575,4.984935795717377,9.46413700171539,10.05108380168189,-13.05137155055088,0.0
-5.716632168274298,11.453647552553692,13.661619385161817,1.0186507253042385,-3.2808374804103604,0.0
1.693902509470015,11.747953969205218,3.44521834037963,0.13904762486729427,-8.83841793637038,0.0
-1.5361603468665366,5.30193319970808,-1.9602337198754274,-1.085675770585695,-7.06481117639333,0.0
0.4645740852736795,13.28136392209986,8.434521785161927,3.379126803787611,-6.35862167139189,0.0
-5.496748596510958,16.12613543669086,13.334377155215996,6.867459937849709,-6.453036478326149,0.0
-10.73619135783721,14.127138288246524,16.838640867924468,8.894533776493322,-4.060081590889472,0.0
0.01103495453647163,6.362998036336117,0.6755146749163803,1.4380178841679427,-12.05583880324814,0.0
0.20729252212918947,9.258586479826842,4.842837292247514,-1.5367887550930446,-10.19413177890601,0.0
-9.803198246561944,-8.993622420990521,2.775105830589535,-2.660231639083804,0.8225537735764776,1.0
-6.203417853814492,-3.866090879091473,10.55355385107146,-9.835996569430286,14.37179982056031,1.0
2.3996298119052213,7.390129210655209,-7.857149738139764,13.427882546894441,-13.82748952496925,0.0
4.213791573964723,-9.633553808636266,8.801645359234179,-5.56091251223978,11.546123686512281,1.0
-0.48578052670898053,-13.599909660329995,3.9385472232060463,-1.840996991489944,8.31241061523396,1.0
-9.150127867544903,9.99859230754394,8.332211736205153,2.8300110898905846,-7.457868603092472,0.0
1.802769738861044,13.779911355078756,7.205305936714566,5.598648618180718,-4.2987357555764785,0.0
-2.0125360959066207,12.771221745057266,-3.7071475693787566,4.689970645840408,-10.192745985880503,0.0
1.0358211648898115,8.565607656762188,11.840464913475465,-1.4087918263556167,2.1250749734028087,0.0
-5.1617033611053875,6.135194924974922,3.2646203504698814,-9.536436139737193,-14.455582502144031,0.0
-5.777402458206613,-2.748531995108218,4.757541092931723,-1.5672942188738337,3.008828430019655,1.0
-0.5031559032808728,-9.596899924522155,9.99031913902595,6.219642757456199,10.252425114692189,1.0
-8.975562412408568,4.232104244108278,7.001910225629988,9.393749826620557,-5.101560447222971,0.0
-5.257816571513361,-17.857641719447834,-4.636258106066416,6.246172113772675,4.133650087680556,1.0
1.941794432571184,14.190532801817085,-4.591060474962367,-2.6743846170213184,-14.362273466601666,0.0
9.807012939373681,8.052481304292709,6.147615547896164,1.7996108354145155,-12.72301737924893,0.0
-5.95655721937053,-4.148750069082735,7.386019525034955,16.364315513198015,-4.181544738470068,1.0
-2.27429465422904,6.763958770802104,7.754128497965596,-3.3649324629722397,-7.591524616257738,0.0
-2.4491536503519686,-9.151525643272185,8.539140208063168,0.5510877066818873,10.944368485060819,1.0
-12.266989978199739,-1.9558455065383216,8.88918361556448,5.457629214158757,11.494155852313924,1.0
